2026-05-18 04:18:31 [Test worker] INFO  c.e.e.s.EmployeeServiceApplicationTests - Starting EmployeeServiceApplicationTests using Java 17.0.19 on K0771N_LENOVOI5 with PID 12728 (started by MARCO in C:\Users\MARCO\IdeaProjects\employee-service)
2026-05-18 04:18:31 [Test worker] DEBUG c.e.e.s.EmployeeServiceApplicationTests - Running with Spring Boot v2.7.18, Spring v5.3.31
2026-05-18 04:18:31 [Test worker] INFO  c.e.e.s.EmployeeServiceApplicationTests - The following 1 profile is active: "dev"
2026-05-18 04:18:32 [Test worker] INFO  o.s.d.r.c.RepositoryConfigurationDelegate - Bootstrapping Spring Data JPA repositories in DEFAULT mode.
2026-05-18 04:18:32 [Test worker] INFO  o.s.d.r.c.RepositoryConfigurationDelegate - Finished Spring Data repository scanning in 38 ms. Found 1 JPA repository interfaces.
2026-05-18 04:18:33 [Test worker] INFO  o.h.jpa.internal.util.LogHelper - HHH000204: Processing PersistenceUnitInfo [name: default]
2026-05-18 04:18:33 [Test worker] INFO  org.hibernate.Version - HHH000412: Hibernate ORM core version 5.6.15.Final
2026-05-18 04:18:33 [Test worker] INFO  o.h.annotations.common.Version - HCANN000001: Hibernate Commons Annotations {5.1.2.Final}
2026-05-18 04:18:33 [Test worker] INFO  com.zaxxer.hikari.HikariDataSource - HikariPool-1 - Starting...
2026-05-18 04:18:34 [Test worker] INFO  com.zaxxer.hikari.HikariDataSource - HikariPool-1 - Start completed.
2026-05-18 04:18:34 [Test worker] INFO  org.hibernate.dialect.Dialect - HHH000400: Using dialect: org.hibernate.dialect.MySQL8Dialect
2026-05-18 04:18:35 [Test worker] INFO  o.h.e.t.j.p.i.JtaPlatformInitiator - HHH000490: Using JtaPlatform implementation: [org.hibernate.engine.transaction.jta.platform.internal.NoJtaPlatform]
2026-05-18 04:18:35 [Test worker] INFO  o.s.o.j.LocalContainerEntityManagerFactoryBean - Initialized JPA EntityManagerFactory for persistence unit 'default'
2026-05-18 04:18:35 [Test worker] INFO  o.s.s.web.DefaultSecurityFilterChain - Will secure any request with [org.springframework.security.web.session.DisableEncodeUrlFilter@1f062e10, org.springframework.security.web.context.request.async.WebAsyncManagerIntegrationFilter@36dbfa68, org.springframework.security.web.context.SecurityContextPersistenceFilter@52dc71b2, org.springframework.security.web.header.HeaderWriterFilter@1ea78c72, org.springframework.security.web.authentication.logout.LogoutFilter@55b7f9f1, org.springframework.security.web.authentication.www.BasicAuthenticationFilter@c3e5e3c, org.springframework.security.web.savedrequest.RequestCacheAwareFilter@430dbcb0, org.springframework.security.web.servletapi.SecurityContextHolderAwareRequestFilter@726d0482, org.springframework.security.web.authentication.AnonymousAuthenticationFilter@6a08113d, org.springframework.security.web.session.SessionManagementFilter@6b3284, org.springframework.security.web.access.ExceptionTranslationFilter@22cca101, org.springframework.security.web.access.intercept.FilterSecurityInterceptor@4ff00844]
2026-05-18 04:18:36 [Test worker] WARN  o.s.b.a.o.j.JpaBaseConfiguration$JpaWebConfiguration - spring.jpa.open-in-view is enabled by default. Therefore, database queries may be performed during view rendering. Explicitly configure spring.jpa.open-in-view to disable this warning
2026-05-18 04:18:37 [Test worker] INFO  o.s.b.a.e.web.EndpointLinksResolver - Exposing 2 endpoint(s) beneath base path '/actuator'
2026-05-18 04:18:37 [Test worker] INFO  c.e.e.s.EmployeeServiceApplicationTests - Started EmployeeServiceApplicationTests in 5.416 seconds (JVM running for 7.24)
2026-05-18 04:18:37 [Test worker] INFO  c.e.e.service.EmployeeServiceImpl - Starting employee insert process, total requests: 1
2026-05-18 04:18:37 [Test worker] DEBUG c.e.e.service.EmployeeServiceImpl - Processing employee: Marco Hernandez
2026-05-18 04:18:37 [Test worker] INFO  c.e.e.service.EmployeeServiceImpl - Found existing employee with id=null active=true
2026-05-18 04:18:37 [Test worker] WARN  c.e.e.service.EmployeeServiceImpl - Duplicate active employee: Marco Hernandez
2026-05-18 04:18:37 [Test worker] INFO  c.e.e.service.EmployeeServiceImpl - Fetching employee with id=1
2026-05-18 04:18:37 [Test worker] INFO  c.e.e.service.EmployeeServiceImpl - Starting employee insert process, total requests: 1
2026-05-18 04:18:37 [Test worker] DEBUG c.e.e.service.EmployeeServiceImpl - Processing employee: Marco Hernandez
2026-05-18 04:18:37 [Test worker] INFO  c.e.e.service.EmployeeServiceImpl - Inserted new employee: Marco Hernandez
2026-05-18 04:18:37 [Test worker] INFO  c.e.e.service.EmployeeServiceImpl - Updating employee id=99 with request=null
2026-05-18 04:18:37 [Test worker] INFO  c.e.e.service.EmployeeServiceImpl - Fetching employee with id=99
2026-05-18 04:18:37 [Test worker] INFO  c.e.e.service.EmployeeServiceImpl - Fetching all employees from database
2026-05-18 04:18:37 [Test worker] INFO  c.e.e.service.EmployeeServiceImpl - Total employees fetched: 2
2026-05-18 04:18:37 [Test worker] INFO  c.e.e.service.EmployeeServiceImpl - Deleting employee id=99
2026-05-18 04:18:37 [Test worker] INFO  c.e.e.service.EmployeeServiceImpl - Fetching employee with id=99
2026-05-18 04:18:37 [Test worker] INFO  c.e.e.service.EmployeeServiceImpl - Deleting employee id=1
2026-05-18 04:18:37 [Test worker] INFO  c.e.e.service.EmployeeServiceImpl - Fetching employee with id=1
2026-05-18 04:18:37 [Test worker] INFO  c.e.e.service.EmployeeServiceImpl - Employee deleted successfully id=1
2026-05-18 04:18:37 [Test worker] INFO  c.e.e.service.EmployeeServiceImpl - Updating employee id=1 with request=EmployeeUpdateRequest(name=Marco, secondName=Antonio, lastName=Hernandez, secondLastName=Ramirez, age=null, gender=null, birthDate=1990-05-14, position=Senior Java Developer, active=true)
2026-05-18 04:18:37 [Test worker] INFO  c.e.e.service.EmployeeServiceImpl - Fetching employee with id=1
2026-05-18 04:18:37 [Test worker] DEBUG c.e.e.service.EmployeeServiceImpl - Applying updates to employee id=1
2026-05-18 04:18:37 [Test worker] INFO  c.e.e.service.EmployeeServiceImpl - Employee updated successfully id=1
2026-05-18 04:18:37 [SpringApplicationShutdownHook] INFO  o.s.o.j.LocalContainerEntityManagerFactoryBean - Closing JPA EntityManagerFactory for persistence unit 'default'
2026-05-18 04:18:37 [SpringApplicationShutdownHook] INFO  com.zaxxer.hikari.HikariDataSource - HikariPool-1 - Shutdown initiated...
2026-05-18 04:18:38 [SpringApplicationShutdownHook] INFO  com.zaxxer.hikari.HikariDataSource - HikariPool-1 - Shutdown completed.
2026-05-18 04:51:48 [Test worker] INFO  c.e.e.s.EmployeeServiceApplicationTests - Starting EmployeeServiceApplicationTests using Java 17.0.19 on K0771N_LENOVOI5 with PID 26640 (started by MARCO in C:\Users\MARCO\IdeaProjects\employee-service)
2026-05-18 04:51:48 [Test worker] DEBUG c.e.e.s.EmployeeServiceApplicationTests - Running with Spring Boot v2.7.18, Spring v5.3.31
2026-05-18 04:51:48 [Test worker] INFO  c.e.e.s.EmployeeServiceApplicationTests - The following 1 profile is active: "dev"
2026-05-18 04:51:49 [Test worker] INFO  o.s.d.r.c.RepositoryConfigurationDelegate - Bootstrapping Spring Data JPA repositories in DEFAULT mode.
2026-05-18 04:51:49 [Test worker] INFO  o.s.d.r.c.RepositoryConfigurationDelegate - Finished Spring Data repository scanning in 49 ms. Found 1 JPA repository interfaces.
2026-05-18 04:51:50 [Test worker] INFO  o.h.jpa.internal.util.LogHelper - HHH000204: Processing PersistenceUnitInfo [name: default]
2026-05-18 04:51:50 [Test worker] INFO  org.hibernate.Version - HHH000412: Hibernate ORM core version 5.6.15.Final
2026-05-18 04:51:50 [Test worker] INFO  o.h.annotations.common.Version - HCANN000001: Hibernate Commons Annotations {5.1.2.Final}
2026-05-18 04:51:50 [Test worker] INFO  com.zaxxer.hikari.HikariDataSource - HikariPool-1 - Starting...
2026-05-18 04:51:51 [Test worker] INFO  com.zaxxer.hikari.HikariDataSource - HikariPool-1 - Start completed.
2026-05-18 04:51:51 [Test worker] INFO  org.hibernate.dialect.Dialect - HHH000400: Using dialect: org.hibernate.dialect.MySQL8Dialect
2026-05-18 04:51:51 [Test worker] INFO  o.h.e.t.j.p.i.JtaPlatformInitiator - HHH000490: Using JtaPlatform implementation: [org.hibernate.engine.transaction.jta.platform.internal.NoJtaPlatform]
2026-05-18 04:51:51 [Test worker] INFO  o.s.o.j.LocalContainerEntityManagerFactoryBean - Initialized JPA EntityManagerFactory for persistence unit 'default'
2026-05-18 04:51:52 [Test worker] INFO  o.s.s.web.DefaultSecurityFilterChain - Will secure any request with [org.springframework.security.web.session.DisableEncodeUrlFilter@11f752d1, org.springframework.security.web.context.request.async.WebAsyncManagerIntegrationFilter@5eaa4ed0, org.springframework.security.web.context.SecurityContextPersistenceFilter@500beb9f, org.springframework.security.web.header.HeaderWriterFilter@1722ede1, org.springframework.security.web.authentication.logout.LogoutFilter@5a183fa6, org.springframework.security.web.authentication.www.BasicAuthenticationFilter@58a5b69c, org.springframework.security.web.savedrequest.RequestCacheAwareFilter@21f27bb5, org.springframework.security.web.servletapi.SecurityContextHolderAwareRequestFilter@2e2a2b07, org.springframework.security.web.authentication.AnonymousAuthenticationFilter@462deb2b, org.springframework.security.web.session.SessionManagementFilter@2a5d9ede, org.springframework.security.web.access.ExceptionTranslationFilter@3ed2a30c, org.springframework.security.web.access.intercept.FilterSecurityInterceptor@37806ccb]
2026-05-18 04:51:52 [Test worker] WARN  o.s.b.a.o.j.JpaBaseConfiguration$JpaWebConfiguration - spring.jpa.open-in-view is enabled by default. Therefore, database queries may be performed during view rendering. Explicitly configure spring.jpa.open-in-view to disable this warning
2026-05-18 04:51:53 [Test worker] INFO  o.s.b.a.e.web.EndpointLinksResolver - Exposing 2 endpoint(s) beneath base path '/actuator'
2026-05-18 04:51:54 [Test worker] INFO  c.e.e.s.EmployeeServiceApplicationTests - Started EmployeeServiceApplicationTests in 5.611 seconds (JVM running for 7.457)
2026-05-18 04:51:54 [Test worker] INFO  c.e.e.service.EmployeeServiceImpl - Starting employee insert process, total requests: 1
2026-05-18 04:51:54 [Test worker] DEBUG c.e.e.service.EmployeeServiceImpl - Processing employee: Marco Hernandez
2026-05-18 04:51:54 [Test worker] INFO  c.e.e.service.EmployeeServiceImpl - Found existing employee with id=null active=true
2026-05-18 04:51:54 [Test worker] WARN  c.e.e.service.EmployeeServiceImpl - Duplicate active employee: Marco Hernandez
2026-05-18 04:51:54 [Test worker] INFO  c.e.e.service.EmployeeServiceImpl - Fetching employee with id=1
2026-05-18 04:51:54 [Test worker] INFO  c.e.e.service.EmployeeServiceImpl - Starting employee insert process, total requests: 1
2026-05-18 04:51:54 [Test worker] DEBUG c.e.e.service.EmployeeServiceImpl - Processing employee: Marco Hernandez
2026-05-18 04:51:54 [Test worker] INFO  c.e.e.service.EmployeeServiceImpl - Inserted new employee: Marco Hernandez
2026-05-18 04:51:54 [Test worker] INFO  c.e.e.service.EmployeeServiceImpl - Updating employee id=99 with request=null
2026-05-18 04:51:54 [Test worker] INFO  c.e.e.service.EmployeeServiceImpl - Fetching employee with id=99
2026-05-18 04:51:54 [Test worker] INFO  c.e.e.service.EmployeeServiceImpl - Fetching all employees from database
2026-05-18 04:51:54 [Test worker] INFO  c.e.e.service.EmployeeServiceImpl - Total employees fetched: 2
2026-05-18 04:51:54 [Test worker] INFO  c.e.e.service.EmployeeServiceImpl - Deleting employee id=99
2026-05-18 04:51:54 [Test worker] INFO  c.e.e.service.EmployeeServiceImpl - Fetching employee with id=99
2026-05-18 04:51:54 [Test worker] INFO  c.e.e.service.EmployeeServiceImpl - Deleting employee id=1
2026-05-18 04:51:54 [Test worker] INFO  c.e.e.service.EmployeeServiceImpl - Fetching employee with id=1
2026-05-18 04:51:54 [Test worker] INFO  c.e.e.service.EmployeeServiceImpl - Employee deleted successfully id=1
2026-05-18 04:51:54 [Test worker] INFO  c.e.e.service.EmployeeServiceImpl - Updating employee id=1 with request=EmployeeUpdateRequest(name=Marco, secondName=Antonio, lastName=Hernandez, secondLastName=Ramirez, age=null, gender=null, birthDate=1990-05-14, position=Senior Java Developer, active=true)
2026-05-18 04:51:54 [Test worker] INFO  c.e.e.service.EmployeeServiceImpl - Fetching employee with id=1
2026-05-18 04:51:54 [Test worker] DEBUG c.e.e.service.EmployeeServiceImpl - Applying updates to employee id=1
2026-05-18 04:51:54 [Test worker] INFO  c.e.e.service.EmployeeServiceImpl - Employee updated successfully id=1
2026-05-18 04:51:54 [SpringApplicationShutdownHook] INFO  o.s.o.j.LocalContainerEntityManagerFactoryBean - Closing JPA EntityManagerFactory for persistence unit 'default'
2026-05-18 04:51:54 [SpringApplicationShutdownHook] INFO  com.zaxxer.hikari.HikariDataSource - HikariPool-1 - Shutdown initiated...
2026-05-18 04:51:54 [SpringApplicationShutdownHook] INFO  com.zaxxer.hikari.HikariDataSource - HikariPool-1 - Shutdown completed.
2026-05-18 04:55:53 [main] INFO  c.e.e.EmployeeServiceApplication - Starting EmployeeServiceApplication using Java 17.0.19 on K0771N_LENOVOI5 with PID 3344 (C:\Users\MARCO\IdeaProjects\employee-service\build\classes\java\main started by MARCO in C:\Users\MARCO\IdeaProjects\employee-service)
2026-05-18 04:55:53 [main] DEBUG c.e.e.EmployeeServiceApplication - Running with Spring Boot v2.7.18, Spring v5.3.31
2026-05-18 04:55:53 [main] INFO  c.e.e.EmployeeServiceApplication - The following 1 profile is active: "dev"
2026-05-18 04:55:53 [main] INFO  o.s.d.r.c.RepositoryConfigurationDelegate - Bootstrapping Spring Data JPA repositories in DEFAULT mode.
2026-05-18 04:55:53 [main] INFO  o.s.d.r.c.RepositoryConfigurationDelegate - Finished Spring Data repository scanning in 34 ms. Found 1 JPA repository interfaces.
2026-05-18 04:55:54 [main] INFO  o.s.b.w.e.tomcat.TomcatWebServer - Tomcat initialized with port(s): 8080 (http)
2026-05-18 04:55:54 [main] INFO  o.a.catalina.core.StandardService - Starting service [Tomcat]
2026-05-18 04:55:54 [main] INFO  o.a.catalina.core.StandardEngine - Starting Servlet engine: [Apache Tomcat/9.0.83]
2026-05-18 04:55:54 [main] INFO  o.a.c.c.C.[Tomcat].[localhost].[/] - Initializing Spring embedded WebApplicationContext
2026-05-18 04:55:54 [main] INFO  o.s.b.w.s.c.ServletWebServerApplicationContext - Root WebApplicationContext: initialization completed in 1004 ms
2026-05-18 04:55:54 [main] DEBUG c.e.employee.config.LoggingFilter - Filter 'loggingFilter' configured for use
2026-05-18 04:55:54 [main] INFO  o.h.jpa.internal.util.LogHelper - HHH000204: Processing PersistenceUnitInfo [name: default]
2026-05-18 04:55:54 [main] INFO  org.hibernate.Version - HHH000412: Hibernate ORM core version 5.6.15.Final
2026-05-18 04:55:54 [main] INFO  o.h.annotations.common.Version - HCANN000001: Hibernate Commons Annotations {5.1.2.Final}
2026-05-18 04:55:54 [main] INFO  com.zaxxer.hikari.HikariDataSource - HikariPool-1 - Starting...
2026-05-18 04:55:55 [main] INFO  com.zaxxer.hikari.HikariDataSource - HikariPool-1 - Start completed.
2026-05-18 04:55:55 [main] INFO  org.hibernate.dialect.Dialect - HHH000400: Using dialect: org.hibernate.dialect.MySQL8Dialect
2026-05-18 04:55:56 [main] INFO  o.h.e.t.j.p.i.JtaPlatformInitiator - HHH000490: Using JtaPlatform implementation: [org.hibernate.engine.transaction.jta.platform.internal.NoJtaPlatform]
2026-05-18 04:55:56 [main] INFO  o.s.o.j.LocalContainerEntityManagerFactoryBean - Initialized JPA EntityManagerFactory for persistence unit 'default'
2026-05-18 04:55:56 [main] INFO  o.s.s.web.DefaultSecurityFilterChain - Will secure any request with [org.springframework.security.web.session.DisableEncodeUrlFilter@3986b9e9, org.springframework.security.web.context.request.async.WebAsyncManagerIntegrationFilter@6ddbbfbb, org.springframework.security.web.context.SecurityContextPersistenceFilter@30a4a111, org.springframework.security.web.header.HeaderWriterFilter@5c2ae7d7, org.springframework.security.web.authentication.logout.LogoutFilter@7cb38a6a, org.springframework.security.web.authentication.www.BasicAuthenticationFilter@24ac87a, org.springframework.security.web.savedrequest.RequestCacheAwareFilter@238a7e3d, org.springframework.security.web.servletapi.SecurityContextHolderAwareRequestFilter@7ed5cc8c, org.springframework.security.web.authentication.AnonymousAuthenticationFilter@4f629aa4, org.springframework.security.web.session.SessionManagementFilter@3599b18, org.springframework.security.web.access.ExceptionTranslationFilter@4351d055, org.springframework.security.web.access.intercept.FilterSecurityInterceptor@2cfd9b0a]
2026-05-18 04:55:56 [main] WARN  o.s.b.a.o.j.JpaBaseConfiguration$JpaWebConfiguration - spring.jpa.open-in-view is enabled by default. Therefore, database queries may be performed during view rendering. Explicitly configure spring.jpa.open-in-view to disable this warning
2026-05-18 04:55:57 [main] INFO  o.s.b.a.e.web.EndpointLinksResolver - Exposing 2 endpoint(s) beneath base path '/actuator'
2026-05-18 04:55:57 [main] INFO  o.s.b.w.e.tomcat.TomcatWebServer - Tomcat started on port(s): 8080 (http) with context path ''
2026-05-18 04:55:57 [main] INFO  c.e.e.EmployeeServiceApplication - Started EmployeeServiceApplication in 4.204 seconds (JVM running for 4.584)
2026-05-18 04:55:57 [RMI TCP Connection(2)-192.168.1.123] INFO  o.a.c.c.C.[Tomcat].[localhost].[/] - Initializing Spring DispatcherServlet 'dispatcherServlet'
2026-05-18 04:55:57 [RMI TCP Connection(2)-192.168.1.123] INFO  o.s.web.servlet.DispatcherServlet - Initializing Servlet 'dispatcherServlet'
2026-05-18 04:55:57 [RMI TCP Connection(2)-192.168.1.123] INFO  o.s.web.servlet.DispatcherServlet - Completed initialization in 1 ms
2026-05-18 04:56:32 [SpringApplicationShutdownHook] INFO  o.s.o.j.LocalContainerEntityManagerFactoryBean - Closing JPA EntityManagerFactory for persistence unit 'default'
2026-05-18 04:56:32 [SpringApplicationShutdownHook] INFO  com.zaxxer.hikari.HikariDataSource - HikariPool-1 - Shutdown initiated...
2026-05-18 23:17:45 [main] INFO  c.e.e.EmployeeServiceApplication - Starting EmployeeServiceApplication using Java 17.0.19 on K0771N_LENOVOI5 with PID 11696 (C:\Users\MARCO\IdeaProjects\employee-service\build\classes\java\main started by MARCO in C:\Users\MARCO\IdeaProjects\employee-service)
2026-05-18 23:17:45 [main] DEBUG c.e.e.EmployeeServiceApplication - Running with Spring Boot v2.7.18, Spring v5.3.31
2026-05-18 23:17:45 [main] INFO  c.e.e.EmployeeServiceApplication - The following 1 profile is active: "dev"
2026-05-18 23:17:45 [main] INFO  o.s.d.r.c.RepositoryConfigurationDelegate - Bootstrapping Spring Data JPA repositories in DEFAULT mode.
2026-05-18 23:17:46 [main] INFO  o.s.d.r.c.RepositoryConfigurationDelegate - Finished Spring Data repository scanning in 32 ms. Found 1 JPA repository interfaces.
2026-05-18 23:17:46 [main] INFO  o.s.b.w.e.tomcat.TomcatWebServer - Tomcat initialized with port(s): 8080 (http)
2026-05-18 23:17:46 [main] INFO  o.a.catalina.core.StandardService - Starting service [Tomcat]
2026-05-18 23:17:46 [main] INFO  o.a.catalina.core.StandardEngine - Starting Servlet engine: [Apache Tomcat/9.0.83]
2026-05-18 23:17:46 [main] INFO  o.a.c.c.C.[Tomcat].[localhost].[/] - Initializing Spring embedded WebApplicationContext
2026-05-18 23:17:46 [main] INFO  o.s.b.w.s.c.ServletWebServerApplicationContext - Root WebApplicationContext: initialization completed in 1153 ms
2026-05-18 23:17:46 [main] DEBUG c.e.employee.config.LoggingFilter - Filter 'loggingFilter' configured for use
2026-05-18 23:17:46 [main] INFO  o.h.jpa.internal.util.LogHelper - HHH000204: Processing PersistenceUnitInfo [name: default]
2026-05-18 23:17:46 [main] INFO  org.hibernate.Version - HHH000412: Hibernate ORM core version 5.6.15.Final
2026-05-18 23:17:46 [main] INFO  o.h.annotations.common.Version - HCANN000001: Hibernate Commons Annotations {5.1.2.Final}
2026-05-18 23:17:46 [main] INFO  com.zaxxer.hikari.HikariDataSource - HikariPool-1 - Starting...
2026-05-18 23:17:48 [main] INFO  com.zaxxer.hikari.HikariDataSource - HikariPool-1 - Start completed.
2026-05-18 23:17:48 [main] INFO  org.hibernate.dialect.Dialect - HHH000400: Using dialect: org.hibernate.dialect.MySQL8Dialect
2026-05-18 23:17:48 [main] INFO  o.h.e.t.j.p.i.JtaPlatformInitiator - HHH000490: Using JtaPlatform implementation: [org.hibernate.engine.transaction.jta.platform.internal.NoJtaPlatform]
2026-05-18 23:17:48 [main] INFO  o.s.o.j.LocalContainerEntityManagerFactoryBean - Initialized JPA EntityManagerFactory for persistence unit 'default'
2026-05-18 23:17:49 [main] INFO  o.s.s.web.DefaultSecurityFilterChain - Will secure any request with [org.springframework.security.web.session.DisableEncodeUrlFilter@2cdb53d6, org.springframework.security.web.context.request.async.WebAsyncManagerIntegrationFilter@62ba3045, org.springframework.security.web.context.SecurityContextPersistenceFilter@7ca7bddd, org.springframework.security.web.header.HeaderWriterFilter@1728d307, org.springframework.security.web.authentication.logout.LogoutFilter@61c4fc34, org.springframework.security.web.authentication.www.BasicAuthenticationFilter@442151d1, org.springframework.security.web.savedrequest.RequestCacheAwareFilter@325236f5, org.springframework.security.web.servletapi.SecurityContextHolderAwareRequestFilter@32eb38e5, org.springframework.security.web.authentication.AnonymousAuthenticationFilter@397bd46b, org.springframework.security.web.session.SessionManagementFilter@5ca006ac, org.springframework.security.web.access.ExceptionTranslationFilter@729d1428, org.springframework.security.web.access.intercept.FilterSecurityInterceptor@22ba30b0]
2026-05-18 23:17:49 [main] WARN  o.s.b.a.o.j.JpaBaseConfiguration$JpaWebConfiguration - spring.jpa.open-in-view is enabled by default. Therefore, database queries may be performed during view rendering. Explicitly configure spring.jpa.open-in-view to disable this warning
2026-05-18 23:17:49 [main] INFO  o.s.b.a.e.web.EndpointLinksResolver - Exposing 2 endpoint(s) beneath base path '/actuator'
2026-05-18 23:17:49 [main] INFO  o.s.b.w.e.tomcat.TomcatWebServer - Tomcat started on port(s): 8080 (http) with context path ''
2026-05-18 23:17:49 [main] INFO  c.e.e.EmployeeServiceApplication - Started EmployeeServiceApplication in 4.695 seconds (JVM running for 5.064)
2026-05-18 23:17:49 [RMI TCP Connection(2)-192.168.1.123] INFO  o.a.c.c.C.[Tomcat].[localhost].[/] - Initializing Spring DispatcherServlet 'dispatcherServlet'
2026-05-18 23:17:49 [RMI TCP Connection(2)-192.168.1.123] INFO  o.s.web.servlet.DispatcherServlet - Initializing Servlet 'dispatcherServlet'
2026-05-18 23:17:49 [RMI TCP Connection(2)-192.168.1.123] INFO  o.s.web.servlet.DispatcherServlet - Completed initialization in 2 ms
2026-05-18 23:17:52 [http-nio-8080-exec-1] INFO  c.e.employee.config.LoggingFilter - Incoming request: GET /swagger-ui/index.html
2026-05-18 23:17:52 [http-nio-8080-exec-1] DEBUG c.e.employee.config.LoggingFilter - Header 'host' = localhost:8080
2026-05-18 23:17:52 [http-nio-8080-exec-1] DEBUG c.e.employee.config.LoggingFilter - Header 'user-agent' = Mozilla/5.0 (Windows NT 10.0; Win64; x64; rv:150.0) Gecko/20100101 Firefox/150.0
2026-05-18 23:17:52 [http-nio-8080-exec-1] DEBUG c.e.employee.config.LoggingFilter - Header 'accept' = text/html,application/xhtml+xml,application/xml;q=0.9,*/*;q=0.8
2026-05-18 23:17:52 [http-nio-8080-exec-1] DEBUG c.e.employee.config.LoggingFilter - Header 'accept-language' = es-MX,es;q=0.9,en-US;q=0.8,en;q=0.7
2026-05-18 23:17:52 [http-nio-8080-exec-1] DEBUG c.e.employee.config.LoggingFilter - Header 'accept-encoding' = gzip, deflate, br, zstd
2026-05-18 23:17:52 [http-nio-8080-exec-1] DEBUG c.e.employee.config.LoggingFilter - Header 'connection' = keep-alive
2026-05-18 23:17:52 [http-nio-8080-exec-1] DEBUG c.e.employee.config.LoggingFilter - Header 'cookie' = JSESSIONID=595139CC24D11620FCCA29F5FB490534
2026-05-18 23:17:52 [http-nio-8080-exec-1] DEBUG c.e.employee.config.LoggingFilter - Header 'upgrade-insecure-requests' = 1
2026-05-18 23:17:52 [http-nio-8080-exec-1] DEBUG c.e.employee.config.LoggingFilter - Header 'sec-fetch-dest' = document
2026-05-18 23:17:52 [http-nio-8080-exec-1] DEBUG c.e.employee.config.LoggingFilter - Header 'sec-fetch-mode' = navigate
2026-05-18 23:17:52 [http-nio-8080-exec-1] DEBUG c.e.employee.config.LoggingFilter - Header 'sec-fetch-site' = none
2026-05-18 23:17:52 [http-nio-8080-exec-1] DEBUG c.e.employee.config.LoggingFilter - Header 'priority' = u=0, i
2026-05-18 23:17:52 [http-nio-8080-exec-1] INFO  c.e.employee.config.LoggingFilter - Response status: 200
2026-05-18 23:17:52 [http-nio-8080-exec-6] INFO  c.e.employee.config.LoggingFilter - Incoming request: GET /swagger-ui/swagger-ui.css
2026-05-18 23:17:52 [http-nio-8080-exec-6] DEBUG c.e.employee.config.LoggingFilter - Header 'host' = localhost:8080
2026-05-18 23:17:52 [http-nio-8080-exec-6] DEBUG c.e.employee.config.LoggingFilter - Header 'user-agent' = Mozilla/5.0 (Windows NT 10.0; Win64; x64; rv:150.0) Gecko/20100101 Firefox/150.0
2026-05-18 23:17:52 [http-nio-8080-exec-3] INFO  c.e.employee.config.LoggingFilter - Incoming request: GET /swagger-ui/swagger-ui-standalone-preset.js
2026-05-18 23:17:52 [http-nio-8080-exec-6] DEBUG c.e.employee.config.LoggingFilter - Header 'accept' = text/css,*/*;q=0.1
2026-05-18 23:17:52 [http-nio-8080-exec-6] DEBUG c.e.employee.config.LoggingFilter - Header 'accept-language' = es-MX,es;q=0.9,en-US;q=0.8,en;q=0.7
2026-05-18 23:17:52 [http-nio-8080-exec-5] INFO  c.e.employee.config.LoggingFilter - Incoming request: GET /swagger-ui/swagger-ui-bundle.js
2026-05-18 23:17:52 [http-nio-8080-exec-4] INFO  c.e.employee.config.LoggingFilter - Incoming request: GET /swagger-ui/index.css
2026-05-18 23:17:52 [http-nio-8080-exec-6] DEBUG c.e.employee.config.LoggingFilter - Header 'accept-encoding' = gzip, deflate, br, zstd
2026-05-18 23:17:52 [http-nio-8080-exec-5] DEBUG c.e.employee.config.LoggingFilter - Header 'host' = localhost:8080
2026-05-18 23:17:52 [http-nio-8080-exec-3] DEBUG c.e.employee.config.LoggingFilter - Header 'host' = localhost:8080
2026-05-18 23:17:52 [http-nio-8080-exec-8] INFO  c.e.employee.config.LoggingFilter - Incoming request: GET /swagger-ui/swagger-initializer.js
2026-05-18 23:17:52 [http-nio-8080-exec-5] DEBUG c.e.employee.config.LoggingFilter - Header 'user-agent' = Mozilla/5.0 (Windows NT 10.0; Win64; x64; rv:150.0) Gecko/20100101 Firefox/150.0
2026-05-18 23:17:52 [http-nio-8080-exec-6] DEBUG c.e.employee.config.LoggingFilter - Header 'connection' = keep-alive
2026-05-18 23:17:52 [http-nio-8080-exec-3] DEBUG c.e.employee.config.LoggingFilter - Header 'user-agent' = Mozilla/5.0 (Windows NT 10.0; Win64; x64; rv:150.0) Gecko/20100101 Firefox/150.0
2026-05-18 23:17:52 [http-nio-8080-exec-8] DEBUG c.e.employee.config.LoggingFilter - Header 'host' = localhost:8080
2026-05-18 23:17:52 [http-nio-8080-exec-6] DEBUG c.e.employee.config.LoggingFilter - Header 'referer' = http://localhost:8080/swagger-ui/index.html
2026-05-18 23:17:52 [http-nio-8080-exec-5] DEBUG c.e.employee.config.LoggingFilter - Header 'accept' = */*
2026-05-18 23:17:52 [http-nio-8080-exec-8] DEBUG c.e.employee.config.LoggingFilter - Header 'user-agent' = Mozilla/5.0 (Windows NT 10.0; Win64; x64; rv:150.0) Gecko/20100101 Firefox/150.0
2026-05-18 23:17:52 [http-nio-8080-exec-4] DEBUG c.e.employee.config.LoggingFilter - Header 'host' = localhost:8080
2026-05-18 23:17:52 [http-nio-8080-exec-5] DEBUG c.e.employee.config.LoggingFilter - Header 'accept-language' = es-MX,es;q=0.9,en-US;q=0.8,en;q=0.7
2026-05-18 23:17:52 [http-nio-8080-exec-6] DEBUG c.e.employee.config.LoggingFilter - Header 'cookie' = JSESSIONID=595139CC24D11620FCCA29F5FB490534
2026-05-18 23:17:52 [http-nio-8080-exec-3] DEBUG c.e.employee.config.LoggingFilter - Header 'accept' = */*
2026-05-18 23:17:52 [http-nio-8080-exec-5] DEBUG c.e.employee.config.LoggingFilter - Header 'accept-encoding' = gzip, deflate, br, zstd
2026-05-18 23:17:52 [http-nio-8080-exec-8] DEBUG c.e.employee.config.LoggingFilter - Header 'accept' = */*
2026-05-18 23:17:52 [http-nio-8080-exec-4] DEBUG c.e.employee.config.LoggingFilter - Header 'user-agent' = Mozilla/5.0 (Windows NT 10.0; Win64; x64; rv:150.0) Gecko/20100101 Firefox/150.0
2026-05-18 23:17:52 [http-nio-8080-exec-3] DEBUG c.e.employee.config.LoggingFilter - Header 'accept-language' = es-MX,es;q=0.9,en-US;q=0.8,en;q=0.7
2026-05-18 23:17:52 [http-nio-8080-exec-4] DEBUG c.e.employee.config.LoggingFilter - Header 'accept' = text/css,*/*;q=0.1
2026-05-18 23:17:52 [http-nio-8080-exec-6] DEBUG c.e.employee.config.LoggingFilter - Header 'sec-fetch-dest' = style
2026-05-18 23:17:52 [http-nio-8080-exec-3] DEBUG c.e.employee.config.LoggingFilter - Header 'accept-encoding' = gzip, deflate, br, zstd
2026-05-18 23:17:52 [http-nio-8080-exec-5] DEBUG c.e.employee.config.LoggingFilter - Header 'connection' = keep-alive
2026-05-18 23:17:52 [http-nio-8080-exec-8] DEBUG c.e.employee.config.LoggingFilter - Header 'accept-language' = es-MX,es;q=0.9,en-US;q=0.8,en;q=0.7
2026-05-18 23:17:52 [http-nio-8080-exec-6] DEBUG c.e.employee.config.LoggingFilter - Header 'sec-fetch-mode' = no-cors
2026-05-18 23:17:52 [http-nio-8080-exec-3] DEBUG c.e.employee.config.LoggingFilter - Header 'connection' = keep-alive
2026-05-18 23:17:52 [http-nio-8080-exec-4] DEBUG c.e.employee.config.LoggingFilter - Header 'accept-language' = es-MX,es;q=0.9,en-US;q=0.8,en;q=0.7
2026-05-18 23:17:52 [http-nio-8080-exec-5] DEBUG c.e.employee.config.LoggingFilter - Header 'referer' = http://localhost:8080/swagger-ui/index.html
2026-05-18 23:17:52 [http-nio-8080-exec-6] DEBUG c.e.employee.config.LoggingFilter - Header 'sec-fetch-site' = same-origin
2026-05-18 23:17:52 [http-nio-8080-exec-3] DEBUG c.e.employee.config.LoggingFilter - Header 'referer' = http://localhost:8080/swagger-ui/index.html
2026-05-18 23:17:52 [http-nio-8080-exec-8] DEBUG c.e.employee.config.LoggingFilter - Header 'accept-encoding' = gzip, deflate, br, zstd
2026-05-18 23:17:52 [http-nio-8080-exec-3] DEBUG c.e.employee.config.LoggingFilter - Header 'cookie' = JSESSIONID=595139CC24D11620FCCA29F5FB490534
2026-05-18 23:17:52 [http-nio-8080-exec-5] DEBUG c.e.employee.config.LoggingFilter - Header 'cookie' = JSESSIONID=595139CC24D11620FCCA29F5FB490534
2026-05-18 23:17:52 [http-nio-8080-exec-6] DEBUG c.e.employee.config.LoggingFilter - Header 'priority' = u=2
2026-05-18 23:17:52 [http-nio-8080-exec-5] DEBUG c.e.employee.config.LoggingFilter - Header 'sec-fetch-dest' = script
2026-05-18 23:17:52 [http-nio-8080-exec-8] DEBUG c.e.employee.config.LoggingFilter - Header 'connection' = keep-alive
2026-05-18 23:17:52 [http-nio-8080-exec-3] DEBUG c.e.employee.config.LoggingFilter - Header 'sec-fetch-dest' = script
2026-05-18 23:17:52 [http-nio-8080-exec-5] DEBUG c.e.employee.config.LoggingFilter - Header 'sec-fetch-mode' = no-cors
2026-05-18 23:17:52 [http-nio-8080-exec-4] DEBUG c.e.employee.config.LoggingFilter - Header 'accept-encoding' = gzip, deflate, br, zstd
2026-05-18 23:17:52 [http-nio-8080-exec-5] DEBUG c.e.employee.config.LoggingFilter - Header 'sec-fetch-site' = same-origin
2026-05-18 23:17:52 [http-nio-8080-exec-8] DEBUG c.e.employee.config.LoggingFilter - Header 'referer' = http://localhost:8080/swagger-ui/index.html
2026-05-18 23:17:52 [http-nio-8080-exec-3] DEBUG c.e.employee.config.LoggingFilter - Header 'sec-fetch-mode' = no-cors
2026-05-18 23:17:52 [http-nio-8080-exec-8] DEBUG c.e.employee.config.LoggingFilter - Header 'cookie' = JSESSIONID=595139CC24D11620FCCA29F5FB490534
2026-05-18 23:17:52 [http-nio-8080-exec-4] DEBUG c.e.employee.config.LoggingFilter - Header 'connection' = keep-alive
2026-05-18 23:17:52 [http-nio-8080-exec-8] DEBUG c.e.employee.config.LoggingFilter - Header 'sec-fetch-dest' = script
2026-05-18 23:17:52 [http-nio-8080-exec-3] DEBUG c.e.employee.config.LoggingFilter - Header 'sec-fetch-site' = same-origin
2026-05-18 23:17:52 [http-nio-8080-exec-8] DEBUG c.e.employee.config.LoggingFilter - Header 'sec-fetch-mode' = no-cors
2026-05-18 23:17:52 [http-nio-8080-exec-4] DEBUG c.e.employee.config.LoggingFilter - Header 'referer' = http://localhost:8080/swagger-ui/index.html
2026-05-18 23:17:52 [http-nio-8080-exec-4] DEBUG c.e.employee.config.LoggingFilter - Header 'cookie' = JSESSIONID=595139CC24D11620FCCA29F5FB490534
2026-05-18 23:17:52 [http-nio-8080-exec-8] DEBUG c.e.employee.config.LoggingFilter - Header 'sec-fetch-site' = same-origin
2026-05-18 23:17:52 [http-nio-8080-exec-4] DEBUG c.e.employee.config.LoggingFilter - Header 'sec-fetch-dest' = style
2026-05-18 23:17:52 [http-nio-8080-exec-4] DEBUG c.e.employee.config.LoggingFilter - Header 'sec-fetch-mode' = no-cors
2026-05-18 23:17:52 [http-nio-8080-exec-4] DEBUG c.e.employee.config.LoggingFilter - Header 'sec-fetch-site' = same-origin
2026-05-18 23:17:52 [http-nio-8080-exec-4] DEBUG c.e.employee.config.LoggingFilter - Header 'priority' = u=2
2026-05-18 23:17:52 [http-nio-8080-exec-4] INFO  c.e.employee.config.LoggingFilter - Response status: 200
2026-05-18 23:17:52 [http-nio-8080-exec-6] INFO  c.e.employee.config.LoggingFilter - Response status: 200
2026-05-18 23:17:52 [http-nio-8080-exec-3] INFO  c.e.employee.config.LoggingFilter - Response status: 200
2026-05-18 23:17:52 [http-nio-8080-exec-8] INFO  c.e.employee.config.LoggingFilter - Response status: 200
2026-05-18 23:17:52 [http-nio-8080-exec-5] INFO  c.e.employee.config.LoggingFilter - Response status: 200
2026-05-18 23:17:52 [http-nio-8080-exec-7] INFO  c.e.employee.config.LoggingFilter - Incoming request: GET /v3/api-docs/swagger-config
2026-05-18 23:17:52 [http-nio-8080-exec-7] DEBUG c.e.employee.config.LoggingFilter - Header 'host' = localhost:8080
2026-05-18 23:17:52 [http-nio-8080-exec-7] DEBUG c.e.employee.config.LoggingFilter - Header 'user-agent' = Mozilla/5.0 (Windows NT 10.0; Win64; x64; rv:150.0) Gecko/20100101 Firefox/150.0
2026-05-18 23:17:52 [http-nio-8080-exec-7] DEBUG c.e.employee.config.LoggingFilter - Header 'accept' = */*
2026-05-18 23:17:52 [http-nio-8080-exec-7] DEBUG c.e.employee.config.LoggingFilter - Header 'accept-language' = es-MX,es;q=0.9,en-US;q=0.8,en;q=0.7
2026-05-18 23:17:52 [http-nio-8080-exec-7] DEBUG c.e.employee.config.LoggingFilter - Header 'accept-encoding' = gzip, deflate, br, zstd
2026-05-18 23:17:52 [http-nio-8080-exec-7] DEBUG c.e.employee.config.LoggingFilter - Header 'referer' = http://localhost:8080/swagger-ui/index.html
2026-05-18 23:17:52 [http-nio-8080-exec-7] DEBUG c.e.employee.config.LoggingFilter - Header 'connection' = keep-alive
2026-05-18 23:17:52 [http-nio-8080-exec-7] DEBUG c.e.employee.config.LoggingFilter - Header 'cookie' = JSESSIONID=595139CC24D11620FCCA29F5FB490534
2026-05-18 23:17:52 [http-nio-8080-exec-7] DEBUG c.e.employee.config.LoggingFilter - Header 'sec-fetch-dest' = empty
2026-05-18 23:17:52 [http-nio-8080-exec-7] DEBUG c.e.employee.config.LoggingFilter - Header 'sec-fetch-mode' = cors
2026-05-18 23:17:52 [http-nio-8080-exec-7] DEBUG c.e.employee.config.LoggingFilter - Header 'sec-fetch-site' = same-origin
2026-05-18 23:17:52 [http-nio-8080-exec-7] DEBUG c.e.employee.config.LoggingFilter - Header 'priority' = u=4
2026-05-18 23:17:52 [http-nio-8080-exec-7] INFO  c.e.employee.config.LoggingFilter - Response status: 200
2026-05-18 23:17:52 [http-nio-8080-exec-2] INFO  c.e.employee.config.LoggingFilter - Incoming request: GET /swagger-ui/favicon-32x32.png
2026-05-18 23:17:52 [http-nio-8080-exec-2] DEBUG c.e.employee.config.LoggingFilter - Header 'host' = localhost:8080
2026-05-18 23:17:52 [http-nio-8080-exec-2] DEBUG c.e.employee.config.LoggingFilter - Header 'user-agent' = Mozilla/5.0 (Windows NT 10.0; Win64; x64; rv:150.0) Gecko/20100101 Firefox/150.0
2026-05-18 23:17:52 [http-nio-8080-exec-2] DEBUG c.e.employee.config.LoggingFilter - Header 'accept' = image/avif,image/webp,image/png,image/svg+xml,image/*;q=0.8,*/*;q=0.5
2026-05-18 23:17:52 [http-nio-8080-exec-2] DEBUG c.e.employee.config.LoggingFilter - Header 'accept-language' = es-MX,es;q=0.9,en-US;q=0.8,en;q=0.7
2026-05-18 23:17:52 [http-nio-8080-exec-2] DEBUG c.e.employee.config.LoggingFilter - Header 'accept-encoding' = gzip, deflate, br, zstd
2026-05-18 23:17:52 [http-nio-8080-exec-2] DEBUG c.e.employee.config.LoggingFilter - Header 'connection' = keep-alive
2026-05-18 23:17:52 [http-nio-8080-exec-2] DEBUG c.e.employee.config.LoggingFilter - Header 'referer' = http://localhost:8080/swagger-ui/index.html
2026-05-18 23:17:52 [http-nio-8080-exec-2] DEBUG c.e.employee.config.LoggingFilter - Header 'cookie' = JSESSIONID=595139CC24D11620FCCA29F5FB490534
2026-05-18 23:17:52 [http-nio-8080-exec-2] DEBUG c.e.employee.config.LoggingFilter - Header 'sec-fetch-dest' = image
2026-05-18 23:17:52 [http-nio-8080-exec-2] DEBUG c.e.employee.config.LoggingFilter - Header 'sec-fetch-mode' = no-cors
2026-05-18 23:17:52 [http-nio-8080-exec-2] DEBUG c.e.employee.config.LoggingFilter - Header 'sec-fetch-site' = same-origin
2026-05-18 23:17:52 [http-nio-8080-exec-2] DEBUG c.e.employee.config.LoggingFilter - Header 'priority' = u=6
2026-05-18 23:17:52 [http-nio-8080-exec-2] INFO  c.e.employee.config.LoggingFilter - Response status: 200
2026-05-18 23:17:52 [http-nio-8080-exec-10] INFO  c.e.employee.config.LoggingFilter - Incoming request: GET /v3/api-docs
2026-05-18 23:17:52 [http-nio-8080-exec-10] DEBUG c.e.employee.config.LoggingFilter - Header 'host' = localhost:8080
2026-05-18 23:17:52 [http-nio-8080-exec-10] DEBUG c.e.employee.config.LoggingFilter - Header 'user-agent' = Mozilla/5.0 (Windows NT 10.0; Win64; x64; rv:150.0) Gecko/20100101 Firefox/150.0
2026-05-18 23:17:52 [http-nio-8080-exec-10] DEBUG c.e.employee.config.LoggingFilter - Header 'accept' = application/json,*/*
2026-05-18 23:17:52 [http-nio-8080-exec-10] DEBUG c.e.employee.config.LoggingFilter - Header 'accept-language' = es-MX,es;q=0.9,en-US;q=0.8,en;q=0.7
2026-05-18 23:17:52 [http-nio-8080-exec-10] DEBUG c.e.employee.config.LoggingFilter - Header 'accept-encoding' = gzip, deflate, br, zstd
2026-05-18 23:17:52 [http-nio-8080-exec-10] DEBUG c.e.employee.config.LoggingFilter - Header 'referer' = http://localhost:8080/swagger-ui/index.html
2026-05-18 23:17:52 [http-nio-8080-exec-10] DEBUG c.e.employee.config.LoggingFilter - Header 'connection' = keep-alive
2026-05-18 23:17:52 [http-nio-8080-exec-10] DEBUG c.e.employee.config.LoggingFilter - Header 'cookie' = JSESSIONID=595139CC24D11620FCCA29F5FB490534
2026-05-18 23:17:52 [http-nio-8080-exec-10] DEBUG c.e.employee.config.LoggingFilter - Header 'sec-fetch-dest' = empty
2026-05-18 23:17:52 [http-nio-8080-exec-10] DEBUG c.e.employee.config.LoggingFilter - Header 'sec-fetch-mode' = cors
2026-05-18 23:17:52 [http-nio-8080-exec-10] DEBUG c.e.employee.config.LoggingFilter - Header 'sec-fetch-site' = same-origin
2026-05-18 23:17:52 [http-nio-8080-exec-10] DEBUG c.e.employee.config.LoggingFilter - Header 'priority' = u=4
2026-05-18 23:17:52 [http-nio-8080-exec-10] INFO  o.s.api.AbstractOpenApiResource - Init duration for springdoc-openapi is: 281 ms
2026-05-18 23:17:52 [http-nio-8080-exec-10] INFO  c.e.employee.config.LoggingFilter - Response status: 200
2026-05-18 23:17:56 [http-nio-8080-exec-8] INFO  c.e.employee.config.LoggingFilter - Incoming request: GET /swagger-ui/index.html
2026-05-18 23:17:56 [http-nio-8080-exec-8] DEBUG c.e.employee.config.LoggingFilter - Header 'host' = localhost:8080
2026-05-18 23:17:56 [http-nio-8080-exec-8] DEBUG c.e.employee.config.LoggingFilter - Header 'user-agent' = Mozilla/5.0 (Windows NT 10.0; Win64; x64; rv:150.0) Gecko/20100101 Firefox/150.0
2026-05-18 23:17:56 [http-nio-8080-exec-8] DEBUG c.e.employee.config.LoggingFilter - Header 'accept' = text/html,application/xhtml+xml,application/xml;q=0.9,*/*;q=0.8
2026-05-18 23:17:56 [http-nio-8080-exec-8] DEBUG c.e.employee.config.LoggingFilter - Header 'accept-language' = es-MX,es;q=0.9,en-US;q=0.8,en;q=0.7
2026-05-18 23:17:56 [http-nio-8080-exec-8] DEBUG c.e.employee.config.LoggingFilter - Header 'accept-encoding' = gzip, deflate, br, zstd
2026-05-18 23:17:56 [http-nio-8080-exec-8] DEBUG c.e.employee.config.LoggingFilter - Header 'connection' = keep-alive
2026-05-18 23:17:56 [http-nio-8080-exec-8] DEBUG c.e.employee.config.LoggingFilter - Header 'cookie' = JSESSIONID=595139CC24D11620FCCA29F5FB490534
2026-05-18 23:17:56 [http-nio-8080-exec-8] DEBUG c.e.employee.config.LoggingFilter - Header 'upgrade-insecure-requests' = 1
2026-05-18 23:17:56 [http-nio-8080-exec-8] DEBUG c.e.employee.config.LoggingFilter - Header 'sec-fetch-dest' = document
2026-05-18 23:17:56 [http-nio-8080-exec-8] DEBUG c.e.employee.config.LoggingFilter - Header 'sec-fetch-mode' = navigate
2026-05-18 23:17:56 [http-nio-8080-exec-8] DEBUG c.e.employee.config.LoggingFilter - Header 'sec-fetch-site' = none
2026-05-18 23:17:56 [http-nio-8080-exec-8] DEBUG c.e.employee.config.LoggingFilter - Header 'sec-fetch-user' = ?1
2026-05-18 23:17:56 [http-nio-8080-exec-8] DEBUG c.e.employee.config.LoggingFilter - Header 'priority' = u=0, i
2026-05-18 23:17:56 [http-nio-8080-exec-8] DEBUG c.e.employee.config.LoggingFilter - Header 'pragma' = no-cache
2026-05-18 23:17:56 [http-nio-8080-exec-8] DEBUG c.e.employee.config.LoggingFilter - Header 'cache-control' = no-cache
2026-05-18 23:17:56 [http-nio-8080-exec-8] INFO  c.e.employee.config.LoggingFilter - Response status: 200
2026-05-18 23:17:56 [http-nio-8080-exec-2] INFO  c.e.employee.config.LoggingFilter - Incoming request: GET /swagger-ui/index.css
2026-05-18 23:17:56 [http-nio-8080-exec-5] INFO  c.e.employee.config.LoggingFilter - Incoming request: GET /swagger-ui/swagger-ui.css
2026-05-18 23:17:56 [http-nio-8080-exec-7] INFO  c.e.employee.config.LoggingFilter - Incoming request: GET /swagger-ui/swagger-ui-bundle.js
2026-05-18 23:17:56 [http-nio-8080-exec-2] DEBUG c.e.employee.config.LoggingFilter - Header 'host' = localhost:8080
2026-05-18 23:17:56 [http-nio-8080-exec-7] DEBUG c.e.employee.config.LoggingFilter - Header 'host' = localhost:8080
2026-05-18 23:17:56 [http-nio-8080-exec-5] DEBUG c.e.employee.config.LoggingFilter - Header 'host' = localhost:8080
2026-05-18 23:17:56 [http-nio-8080-exec-2] DEBUG c.e.employee.config.LoggingFilter - Header 'user-agent' = Mozilla/5.0 (Windows NT 10.0; Win64; x64; rv:150.0) Gecko/20100101 Firefox/150.0
2026-05-18 23:17:56 [http-nio-8080-exec-7] DEBUG c.e.employee.config.LoggingFilter - Header 'user-agent' = Mozilla/5.0 (Windows NT 10.0; Win64; x64; rv:150.0) Gecko/20100101 Firefox/150.0
2026-05-18 23:17:56 [http-nio-8080-exec-2] DEBUG c.e.employee.config.LoggingFilter - Header 'accept' = text/css,*/*;q=0.1
2026-05-18 23:17:56 [http-nio-8080-exec-5] DEBUG c.e.employee.config.LoggingFilter - Header 'user-agent' = Mozilla/5.0 (Windows NT 10.0; Win64; x64; rv:150.0) Gecko/20100101 Firefox/150.0
2026-05-18 23:17:56 [http-nio-8080-exec-2] DEBUG c.e.employee.config.LoggingFilter - Header 'accept-language' = es-MX,es;q=0.9,en-US;q=0.8,en;q=0.7
2026-05-18 23:17:56 [http-nio-8080-exec-7] DEBUG c.e.employee.config.LoggingFilter - Header 'accept' = */*
2026-05-18 23:17:56 [http-nio-8080-exec-5] DEBUG c.e.employee.config.LoggingFilter - Header 'accept' = text/css,*/*;q=0.1
2026-05-18 23:17:56 [http-nio-8080-exec-2] DEBUG c.e.employee.config.LoggingFilter - Header 'accept-encoding' = gzip, deflate, br, zstd
2026-05-18 23:17:56 [http-nio-8080-exec-5] DEBUG c.e.employee.config.LoggingFilter - Header 'accept-language' = es-MX,es;q=0.9,en-US;q=0.8,en;q=0.7
2026-05-18 23:17:56 [http-nio-8080-exec-7] DEBUG c.e.employee.config.LoggingFilter - Header 'accept-language' = es-MX,es;q=0.9,en-US;q=0.8,en;q=0.7
2026-05-18 23:17:56 [http-nio-8080-exec-10] INFO  c.e.employee.config.LoggingFilter - Incoming request: GET /swagger-ui/swagger-ui-standalone-preset.js
2026-05-18 23:17:56 [http-nio-8080-exec-5] DEBUG c.e.employee.config.LoggingFilter - Header 'accept-encoding' = gzip, deflate, br, zstd
2026-05-18 23:17:56 [http-nio-8080-exec-2] DEBUG c.e.employee.config.LoggingFilter - Header 'connection' = keep-alive
2026-05-18 23:17:56 [http-nio-8080-exec-7] DEBUG c.e.employee.config.LoggingFilter - Header 'accept-encoding' = gzip, deflate, br, zstd
2026-05-18 23:17:56 [http-nio-8080-exec-5] DEBUG c.e.employee.config.LoggingFilter - Header 'connection' = keep-alive
2026-05-18 23:17:56 [http-nio-8080-exec-7] DEBUG c.e.employee.config.LoggingFilter - Header 'connection' = keep-alive
2026-05-18 23:17:56 [http-nio-8080-exec-10] DEBUG c.e.employee.config.LoggingFilter - Header 'host' = localhost:8080
2026-05-18 23:17:56 [http-nio-8080-exec-2] DEBUG c.e.employee.config.LoggingFilter - Header 'referer' = http://localhost:8080/swagger-ui/index.html
2026-05-18 23:17:56 [http-nio-8080-exec-7] DEBUG c.e.employee.config.LoggingFilter - Header 'referer' = http://localhost:8080/swagger-ui/index.html
2026-05-18 23:17:56 [http-nio-8080-exec-5] DEBUG c.e.employee.config.LoggingFilter - Header 'referer' = http://localhost:8080/swagger-ui/index.html
2026-05-18 23:17:56 [http-nio-8080-exec-1] INFO  c.e.employee.config.LoggingFilter - Incoming request: GET /swagger-ui/swagger-initializer.js
2026-05-18 23:17:56 [http-nio-8080-exec-5] DEBUG c.e.employee.config.LoggingFilter - Header 'cookie' = JSESSIONID=595139CC24D11620FCCA29F5FB490534
2026-05-18 23:17:56 [http-nio-8080-exec-2] DEBUG c.e.employee.config.LoggingFilter - Header 'cookie' = JSESSIONID=595139CC24D11620FCCA29F5FB490534
2026-05-18 23:17:56 [http-nio-8080-exec-10] DEBUG c.e.employee.config.LoggingFilter - Header 'user-agent' = Mozilla/5.0 (Windows NT 10.0; Win64; x64; rv:150.0) Gecko/20100101 Firefox/150.0
2026-05-18 23:17:56 [http-nio-8080-exec-5] DEBUG c.e.employee.config.LoggingFilter - Header 'sec-fetch-dest' = style
2026-05-18 23:17:56 [http-nio-8080-exec-2] DEBUG c.e.employee.config.LoggingFilter - Header 'sec-fetch-dest' = style
2026-05-18 23:17:56 [http-nio-8080-exec-5] DEBUG c.e.employee.config.LoggingFilter - Header 'sec-fetch-mode' = no-cors
2026-05-18 23:17:56 [http-nio-8080-exec-10] DEBUG c.e.employee.config.LoggingFilter - Header 'accept' = */*
2026-05-18 23:17:56 [http-nio-8080-exec-7] DEBUG c.e.employee.config.LoggingFilter - Header 'cookie' = JSESSIONID=595139CC24D11620FCCA29F5FB490534
2026-05-18 23:17:56 [http-nio-8080-exec-10] DEBUG c.e.employee.config.LoggingFilter - Header 'accept-language' = es-MX,es;q=0.9,en-US;q=0.8,en;q=0.7
2026-05-18 23:17:56 [http-nio-8080-exec-7] DEBUG c.e.employee.config.LoggingFilter - Header 'sec-fetch-dest' = script
2026-05-18 23:17:56 [http-nio-8080-exec-10] DEBUG c.e.employee.config.LoggingFilter - Header 'accept-encoding' = gzip, deflate, br, zstd
2026-05-18 23:17:56 [http-nio-8080-exec-1] DEBUG c.e.employee.config.LoggingFilter - Header 'host' = localhost:8080
2026-05-18 23:17:56 [http-nio-8080-exec-2] DEBUG c.e.employee.config.LoggingFilter - Header 'sec-fetch-mode' = no-cors
2026-05-18 23:17:56 [http-nio-8080-exec-5] DEBUG c.e.employee.config.LoggingFilter - Header 'sec-fetch-site' = same-origin
2026-05-18 23:17:56 [http-nio-8080-exec-7] DEBUG c.e.employee.config.LoggingFilter - Header 'sec-fetch-mode' = no-cors
2026-05-18 23:17:56 [http-nio-8080-exec-10] DEBUG c.e.employee.config.LoggingFilter - Header 'connection' = keep-alive
2026-05-18 23:17:56 [http-nio-8080-exec-10] DEBUG c.e.employee.config.LoggingFilter - Header 'referer' = http://localhost:8080/swagger-ui/index.html
2026-05-18 23:17:56 [http-nio-8080-exec-7] DEBUG c.e.employee.config.LoggingFilter - Header 'sec-fetch-site' = same-origin
2026-05-18 23:17:56 [http-nio-8080-exec-10] DEBUG c.e.employee.config.LoggingFilter - Header 'cookie' = JSESSIONID=595139CC24D11620FCCA29F5FB490534
2026-05-18 23:17:56 [http-nio-8080-exec-10] DEBUG c.e.employee.config.LoggingFilter - Header 'sec-fetch-dest' = script
2026-05-18 23:17:56 [http-nio-8080-exec-7] DEBUG c.e.employee.config.LoggingFilter - Header 'pragma' = no-cache
2026-05-18 23:17:56 [http-nio-8080-exec-10] DEBUG c.e.employee.config.LoggingFilter - Header 'sec-fetch-mode' = no-cors
2026-05-18 23:17:56 [http-nio-8080-exec-7] DEBUG c.e.employee.config.LoggingFilter - Header 'cache-control' = no-cache
2026-05-18 23:17:56 [http-nio-8080-exec-10] DEBUG c.e.employee.config.LoggingFilter - Header 'sec-fetch-site' = same-origin
2026-05-18 23:17:56 [http-nio-8080-exec-1] DEBUG c.e.employee.config.LoggingFilter - Header 'user-agent' = Mozilla/5.0 (Windows NT 10.0; Win64; x64; rv:150.0) Gecko/20100101 Firefox/150.0
2026-05-18 23:17:56 [http-nio-8080-exec-2] DEBUG c.e.employee.config.LoggingFilter - Header 'sec-fetch-site' = same-origin
2026-05-18 23:17:56 [http-nio-8080-exec-10] DEBUG c.e.employee.config.LoggingFilter - Header 'pragma' = no-cache
2026-05-18 23:17:56 [http-nio-8080-exec-1] DEBUG c.e.employee.config.LoggingFilter - Header 'accept' = */*
2026-05-18 23:17:56 [http-nio-8080-exec-1] DEBUG c.e.employee.config.LoggingFilter - Header 'accept-language' = es-MX,es;q=0.9,en-US;q=0.8,en;q=0.7
2026-05-18 23:17:56 [http-nio-8080-exec-1] DEBUG c.e.employee.config.LoggingFilter - Header 'accept-encoding' = gzip, deflate, br, zstd
2026-05-18 23:17:56 [http-nio-8080-exec-10] DEBUG c.e.employee.config.LoggingFilter - Header 'cache-control' = no-cache
2026-05-18 23:17:56 [http-nio-8080-exec-5] DEBUG c.e.employee.config.LoggingFilter - Header 'priority' = u=2
2026-05-18 23:17:56 [http-nio-8080-exec-5] DEBUG c.e.employee.config.LoggingFilter - Header 'pragma' = no-cache
2026-05-18 23:17:56 [http-nio-8080-exec-5] DEBUG c.e.employee.config.LoggingFilter - Header 'cache-control' = no-cache
2026-05-18 23:17:56 [http-nio-8080-exec-2] DEBUG c.e.employee.config.LoggingFilter - Header 'priority' = u=2
2026-05-18 23:17:56 [http-nio-8080-exec-2] DEBUG c.e.employee.config.LoggingFilter - Header 'pragma' = no-cache
2026-05-18 23:17:56 [http-nio-8080-exec-2] DEBUG c.e.employee.config.LoggingFilter - Header 'cache-control' = no-cache
2026-05-18 23:17:56 [http-nio-8080-exec-1] DEBUG c.e.employee.config.LoggingFilter - Header 'connection' = keep-alive
2026-05-18 23:17:56 [http-nio-8080-exec-1] DEBUG c.e.employee.config.LoggingFilter - Header 'referer' = http://localhost:8080/swagger-ui/index.html
2026-05-18 23:17:56 [http-nio-8080-exec-1] DEBUG c.e.employee.config.LoggingFilter - Header 'cookie' = JSESSIONID=595139CC24D11620FCCA29F5FB490534
2026-05-18 23:17:56 [http-nio-8080-exec-1] DEBUG c.e.employee.config.LoggingFilter - Header 'sec-fetch-dest' = script
2026-05-18 23:17:56 [http-nio-8080-exec-1] DEBUG c.e.employee.config.LoggingFilter - Header 'sec-fetch-mode' = no-cors
2026-05-18 23:17:56 [http-nio-8080-exec-1] DEBUG c.e.employee.config.LoggingFilter - Header 'sec-fetch-site' = same-origin
2026-05-18 23:17:56 [http-nio-8080-exec-1] DEBUG c.e.employee.config.LoggingFilter - Header 'pragma' = no-cache
2026-05-18 23:17:56 [http-nio-8080-exec-1] DEBUG c.e.employee.config.LoggingFilter - Header 'cache-control' = no-cache
2026-05-18 23:17:56 [http-nio-8080-exec-2] INFO  c.e.employee.config.LoggingFilter - Response status: 200
2026-05-18 23:17:56 [http-nio-8080-exec-5] INFO  c.e.employee.config.LoggingFilter - Response status: 200
2026-05-18 23:17:56 [http-nio-8080-exec-1] INFO  c.e.employee.config.LoggingFilter - Response status: 200
2026-05-18 23:17:56 [http-nio-8080-exec-10] INFO  c.e.employee.config.LoggingFilter - Response status: 200
2026-05-18 23:17:56 [http-nio-8080-exec-7] INFO  c.e.employee.config.LoggingFilter - Response status: 200
2026-05-18 23:17:56 [http-nio-8080-exec-6] INFO  c.e.employee.config.LoggingFilter - Incoming request: GET /swagger-ui/favicon-32x32.png
2026-05-18 23:17:56 [http-nio-8080-exec-6] DEBUG c.e.employee.config.LoggingFilter - Header 'host' = localhost:8080
2026-05-18 23:17:56 [http-nio-8080-exec-6] DEBUG c.e.employee.config.LoggingFilter - Header 'user-agent' = Mozilla/5.0 (Windows NT 10.0; Win64; x64; rv:150.0) Gecko/20100101 Firefox/150.0
2026-05-18 23:17:56 [http-nio-8080-exec-6] DEBUG c.e.employee.config.LoggingFilter - Header 'accept' = image/avif,image/webp,image/png,image/svg+xml,image/*;q=0.8,*/*;q=0.5
2026-05-18 23:17:56 [http-nio-8080-exec-6] DEBUG c.e.employee.config.LoggingFilter - Header 'accept-language' = es-MX,es;q=0.9,en-US;q=0.8,en;q=0.7
2026-05-18 23:17:56 [http-nio-8080-exec-6] DEBUG c.e.employee.config.LoggingFilter - Header 'accept-encoding' = gzip, deflate, br, zstd
2026-05-18 23:17:56 [http-nio-8080-exec-6] DEBUG c.e.employee.config.LoggingFilter - Header 'connection' = keep-alive
2026-05-18 23:17:56 [http-nio-8080-exec-6] DEBUG c.e.employee.config.LoggingFilter - Header 'referer' = http://localhost:8080/swagger-ui/index.html
2026-05-18 23:17:56 [http-nio-8080-exec-6] DEBUG c.e.employee.config.LoggingFilter - Header 'cookie' = JSESSIONID=595139CC24D11620FCCA29F5FB490534
2026-05-18 23:17:56 [http-nio-8080-exec-6] DEBUG c.e.employee.config.LoggingFilter - Header 'sec-fetch-dest' = image
2026-05-18 23:17:56 [http-nio-8080-exec-6] DEBUG c.e.employee.config.LoggingFilter - Header 'sec-fetch-mode' = no-cors
2026-05-18 23:17:56 [http-nio-8080-exec-6] DEBUG c.e.employee.config.LoggingFilter - Header 'sec-fetch-site' = same-origin
2026-05-18 23:17:56 [http-nio-8080-exec-6] DEBUG c.e.employee.config.LoggingFilter - Header 'priority' = u=6
2026-05-18 23:17:56 [http-nio-8080-exec-6] DEBUG c.e.employee.config.LoggingFilter - Header 'pragma' = no-cache
2026-05-18 23:17:56 [http-nio-8080-exec-6] DEBUG c.e.employee.config.LoggingFilter - Header 'cache-control' = no-cache
2026-05-18 23:17:56 [http-nio-8080-exec-6] INFO  c.e.employee.config.LoggingFilter - Response status: 200
2026-05-18 23:17:56 [http-nio-8080-exec-3] INFO  c.e.employee.config.LoggingFilter - Incoming request: GET /v3/api-docs/swagger-config
2026-05-18 23:17:56 [http-nio-8080-exec-3] DEBUG c.e.employee.config.LoggingFilter - Header 'host' = localhost:8080
2026-05-18 23:17:56 [http-nio-8080-exec-3] DEBUG c.e.employee.config.LoggingFilter - Header 'user-agent' = Mozilla/5.0 (Windows NT 10.0; Win64; x64; rv:150.0) Gecko/20100101 Firefox/150.0
2026-05-18 23:17:56 [http-nio-8080-exec-3] DEBUG c.e.employee.config.LoggingFilter - Header 'accept' = */*
2026-05-18 23:17:56 [http-nio-8080-exec-3] DEBUG c.e.employee.config.LoggingFilter - Header 'accept-language' = es-MX,es;q=0.9,en-US;q=0.8,en;q=0.7
2026-05-18 23:17:56 [http-nio-8080-exec-3] DEBUG c.e.employee.config.LoggingFilter - Header 'accept-encoding' = gzip, deflate, br, zstd
2026-05-18 23:17:56 [http-nio-8080-exec-3] DEBUG c.e.employee.config.LoggingFilter - Header 'referer' = http://localhost:8080/swagger-ui/index.html
2026-05-18 23:17:56 [http-nio-8080-exec-3] DEBUG c.e.employee.config.LoggingFilter - Header 'connection' = keep-alive
2026-05-18 23:17:56 [http-nio-8080-exec-3] DEBUG c.e.employee.config.LoggingFilter - Header 'cookie' = JSESSIONID=595139CC24D11620FCCA29F5FB490534
2026-05-18 23:17:56 [http-nio-8080-exec-3] DEBUG c.e.employee.config.LoggingFilter - Header 'sec-fetch-dest' = empty
2026-05-18 23:17:56 [http-nio-8080-exec-3] DEBUG c.e.employee.config.LoggingFilter - Header 'sec-fetch-mode' = cors
2026-05-18 23:17:56 [http-nio-8080-exec-3] DEBUG c.e.employee.config.LoggingFilter - Header 'sec-fetch-site' = same-origin
2026-05-18 23:17:56 [http-nio-8080-exec-3] DEBUG c.e.employee.config.LoggingFilter - Header 'priority' = u=4
2026-05-18 23:17:56 [http-nio-8080-exec-3] INFO  c.e.employee.config.LoggingFilter - Response status: 200
2026-05-18 23:17:56 [http-nio-8080-exec-9] INFO  c.e.employee.config.LoggingFilter - Incoming request: GET /v3/api-docs
2026-05-18 23:17:56 [http-nio-8080-exec-9] DEBUG c.e.employee.config.LoggingFilter - Header 'host' = localhost:8080
2026-05-18 23:17:56 [http-nio-8080-exec-9] DEBUG c.e.employee.config.LoggingFilter - Header 'user-agent' = Mozilla/5.0 (Windows NT 10.0; Win64; x64; rv:150.0) Gecko/20100101 Firefox/150.0
2026-05-18 23:17:56 [http-nio-8080-exec-9] DEBUG c.e.employee.config.LoggingFilter - Header 'accept' = application/json,*/*
2026-05-18 23:17:56 [http-nio-8080-exec-9] DEBUG c.e.employee.config.LoggingFilter - Header 'accept-language' = es-MX,es;q=0.9,en-US;q=0.8,en;q=0.7
2026-05-18 23:17:56 [http-nio-8080-exec-9] DEBUG c.e.employee.config.LoggingFilter - Header 'accept-encoding' = gzip, deflate, br, zstd
2026-05-18 23:17:56 [http-nio-8080-exec-9] DEBUG c.e.employee.config.LoggingFilter - Header 'referer' = http://localhost:8080/swagger-ui/index.html
2026-05-18 23:17:56 [http-nio-8080-exec-9] DEBUG c.e.employee.config.LoggingFilter - Header 'connection' = keep-alive
2026-05-18 23:17:56 [http-nio-8080-exec-9] DEBUG c.e.employee.config.LoggingFilter - Header 'cookie' = JSESSIONID=595139CC24D11620FCCA29F5FB490534
2026-05-18 23:17:56 [http-nio-8080-exec-9] DEBUG c.e.employee.config.LoggingFilter - Header 'sec-fetch-dest' = empty
2026-05-18 23:17:56 [http-nio-8080-exec-9] DEBUG c.e.employee.config.LoggingFilter - Header 'sec-fetch-mode' = cors
2026-05-18 23:17:56 [http-nio-8080-exec-9] DEBUG c.e.employee.config.LoggingFilter - Header 'sec-fetch-site' = same-origin
2026-05-18 23:17:56 [http-nio-8080-exec-9] DEBUG c.e.employee.config.LoggingFilter - Header 'priority' = u=4
2026-05-18 23:17:56 [http-nio-8080-exec-9] INFO  c.e.employee.config.LoggingFilter - Response status: 200
2026-05-18 23:17:56 [http-nio-8080-exec-10] INFO  c.e.employee.config.LoggingFilter - Incoming request: GET /swagger-ui/index.html
2026-05-18 23:17:56 [http-nio-8080-exec-10] DEBUG c.e.employee.config.LoggingFilter - Header 'host' = localhost:8080
2026-05-18 23:17:56 [http-nio-8080-exec-10] DEBUG c.e.employee.config.LoggingFilter - Header 'user-agent' = Mozilla/5.0 (Windows NT 10.0; Win64; x64; rv:150.0) Gecko/20100101 Firefox/150.0
2026-05-18 23:17:56 [http-nio-8080-exec-10] DEBUG c.e.employee.config.LoggingFilter - Header 'accept' = text/html,application/xhtml+xml,application/xml;q=0.9,*/*;q=0.8
2026-05-18 23:17:56 [http-nio-8080-exec-10] DEBUG c.e.employee.config.LoggingFilter - Header 'accept-language' = es-MX,es;q=0.9,en-US;q=0.8,en;q=0.7
2026-05-18 23:17:56 [http-nio-8080-exec-10] DEBUG c.e.employee.config.LoggingFilter - Header 'accept-encoding' = gzip, deflate, br, zstd
2026-05-18 23:17:56 [http-nio-8080-exec-10] DEBUG c.e.employee.config.LoggingFilter - Header 'connection' = keep-alive
2026-05-18 23:17:56 [http-nio-8080-exec-10] DEBUG c.e.employee.config.LoggingFilter - Header 'cookie' = JSESSIONID=595139CC24D11620FCCA29F5FB490534
2026-05-18 23:17:56 [http-nio-8080-exec-10] DEBUG c.e.employee.config.LoggingFilter - Header 'upgrade-insecure-requests' = 1
2026-05-18 23:17:56 [http-nio-8080-exec-10] DEBUG c.e.employee.config.LoggingFilter - Header 'sec-fetch-dest' = document
2026-05-18 23:17:56 [http-nio-8080-exec-10] DEBUG c.e.employee.config.LoggingFilter - Header 'sec-fetch-mode' = navigate
2026-05-18 23:17:56 [http-nio-8080-exec-10] DEBUG c.e.employee.config.LoggingFilter - Header 'sec-fetch-site' = none
2026-05-18 23:17:56 [http-nio-8080-exec-10] DEBUG c.e.employee.config.LoggingFilter - Header 'sec-fetch-user' = ?1
2026-05-18 23:17:56 [http-nio-8080-exec-10] DEBUG c.e.employee.config.LoggingFilter - Header 'priority' = u=0, i
2026-05-18 23:17:56 [http-nio-8080-exec-10] DEBUG c.e.employee.config.LoggingFilter - Header 'pragma' = no-cache
2026-05-18 23:17:56 [http-nio-8080-exec-10] DEBUG c.e.employee.config.LoggingFilter - Header 'cache-control' = no-cache
2026-05-18 23:17:56 [http-nio-8080-exec-10] INFO  c.e.employee.config.LoggingFilter - Response status: 200
2026-05-18 23:17:56 [http-nio-8080-exec-3] INFO  c.e.employee.config.LoggingFilter - Incoming request: GET /swagger-ui/swagger-ui-bundle.js
2026-05-18 23:17:56 [http-nio-8080-exec-6] INFO  c.e.employee.config.LoggingFilter - Incoming request: GET /swagger-ui/index.css
2026-05-18 23:17:56 [http-nio-8080-exec-7] INFO  c.e.employee.config.LoggingFilter - Incoming request: GET /swagger-ui/swagger-ui.css
2026-05-18 23:17:56 [http-nio-8080-exec-6] DEBUG c.e.employee.config.LoggingFilter - Header 'host' = localhost:8080
2026-05-18 23:17:56 [http-nio-8080-exec-3] DEBUG c.e.employee.config.LoggingFilter - Header 'host' = localhost:8080
2026-05-18 23:17:56 [http-nio-8080-exec-7] DEBUG c.e.employee.config.LoggingFilter - Header 'host' = localhost:8080
2026-05-18 23:17:56 [http-nio-8080-exec-6] DEBUG c.e.employee.config.LoggingFilter - Header 'user-agent' = Mozilla/5.0 (Windows NT 10.0; Win64; x64; rv:150.0) Gecko/20100101 Firefox/150.0
2026-05-18 23:17:56 [http-nio-8080-exec-3] DEBUG c.e.employee.config.LoggingFilter - Header 'user-agent' = Mozilla/5.0 (Windows NT 10.0; Win64; x64; rv:150.0) Gecko/20100101 Firefox/150.0
2026-05-18 23:17:56 [http-nio-8080-exec-3] DEBUG c.e.employee.config.LoggingFilter - Header 'accept' = */*
2026-05-18 23:17:56 [http-nio-8080-exec-6] DEBUG c.e.employee.config.LoggingFilter - Header 'accept' = text/css,*/*;q=0.1
2026-05-18 23:17:56 [http-nio-8080-exec-7] DEBUG c.e.employee.config.LoggingFilter - Header 'user-agent' = Mozilla/5.0 (Windows NT 10.0; Win64; x64; rv:150.0) Gecko/20100101 Firefox/150.0
2026-05-18 23:17:56 [http-nio-8080-exec-7] DEBUG c.e.employee.config.LoggingFilter - Header 'accept' = text/css,*/*;q=0.1
2026-05-18 23:17:56 [http-nio-8080-exec-6] DEBUG c.e.employee.config.LoggingFilter - Header 'accept-language' = es-MX,es;q=0.9,en-US;q=0.8,en;q=0.7
2026-05-18 23:17:56 [http-nio-8080-exec-3] DEBUG c.e.employee.config.LoggingFilter - Header 'accept-language' = es-MX,es;q=0.9,en-US;q=0.8,en;q=0.7
2026-05-18 23:17:56 [http-nio-8080-exec-7] DEBUG c.e.employee.config.LoggingFilter - Header 'accept-language' = es-MX,es;q=0.9,en-US;q=0.8,en;q=0.7
2026-05-18 23:17:56 [http-nio-8080-exec-3] DEBUG c.e.employee.config.LoggingFilter - Header 'accept-encoding' = gzip, deflate, br, zstd
2026-05-18 23:17:56 [http-nio-8080-exec-6] DEBUG c.e.employee.config.LoggingFilter - Header 'accept-encoding' = gzip, deflate, br, zstd
2026-05-18 23:17:56 [http-nio-8080-exec-3] DEBUG c.e.employee.config.LoggingFilter - Header 'connection' = keep-alive
2026-05-18 23:17:56 [http-nio-8080-exec-7] DEBUG c.e.employee.config.LoggingFilter - Header 'accept-encoding' = gzip, deflate, br, zstd
2026-05-18 23:17:56 [http-nio-8080-exec-6] DEBUG c.e.employee.config.LoggingFilter - Header 'connection' = keep-alive
2026-05-18 23:17:56 [http-nio-8080-exec-7] DEBUG c.e.employee.config.LoggingFilter - Header 'connection' = keep-alive
2026-05-18 23:17:56 [http-nio-8080-exec-3] DEBUG c.e.employee.config.LoggingFilter - Header 'referer' = http://localhost:8080/swagger-ui/index.html
2026-05-18 23:17:56 [http-nio-8080-exec-7] DEBUG c.e.employee.config.LoggingFilter - Header 'referer' = http://localhost:8080/swagger-ui/index.html
2026-05-18 23:17:56 [http-nio-8080-exec-7] DEBUG c.e.employee.config.LoggingFilter - Header 'cookie' = JSESSIONID=595139CC24D11620FCCA29F5FB490534
2026-05-18 23:17:56 [http-nio-8080-exec-7] DEBUG c.e.employee.config.LoggingFilter - Header 'sec-fetch-dest' = style
2026-05-18 23:17:56 [http-nio-8080-exec-7] DEBUG c.e.employee.config.LoggingFilter - Header 'sec-fetch-mode' = no-cors
2026-05-18 23:17:56 [http-nio-8080-exec-7] DEBUG c.e.employee.config.LoggingFilter - Header 'sec-fetch-site' = same-origin
2026-05-18 23:17:56 [http-nio-8080-exec-7] DEBUG c.e.employee.config.LoggingFilter - Header 'priority' = u=2
2026-05-18 23:17:56 [http-nio-8080-exec-7] DEBUG c.e.employee.config.LoggingFilter - Header 'pragma' = no-cache
2026-05-18 23:17:56 [http-nio-8080-exec-7] DEBUG c.e.employee.config.LoggingFilter - Header 'cache-control' = no-cache
2026-05-18 23:17:56 [http-nio-8080-exec-6] DEBUG c.e.employee.config.LoggingFilter - Header 'referer' = http://localhost:8080/swagger-ui/index.html
2026-05-18 23:17:56 [http-nio-8080-exec-6] DEBUG c.e.employee.config.LoggingFilter - Header 'cookie' = JSESSIONID=595139CC24D11620FCCA29F5FB490534
2026-05-18 23:17:56 [http-nio-8080-exec-9] INFO  c.e.employee.config.LoggingFilter - Incoming request: GET /swagger-ui/swagger-ui-standalone-preset.js
2026-05-18 23:17:56 [http-nio-8080-exec-3] DEBUG c.e.employee.config.LoggingFilter - Header 'cookie' = JSESSIONID=595139CC24D11620FCCA29F5FB490534
2026-05-18 23:17:56 [http-nio-8080-exec-6] DEBUG c.e.employee.config.LoggingFilter - Header 'sec-fetch-dest' = style
2026-05-18 23:17:56 [http-nio-8080-exec-9] DEBUG c.e.employee.config.LoggingFilter - Header 'host' = localhost:8080
2026-05-18 23:17:56 [http-nio-8080-exec-3] DEBUG c.e.employee.config.LoggingFilter - Header 'sec-fetch-dest' = script
2026-05-18 23:17:56 [http-nio-8080-exec-9] DEBUG c.e.employee.config.LoggingFilter - Header 'user-agent' = Mozilla/5.0 (Windows NT 10.0; Win64; x64; rv:150.0) Gecko/20100101 Firefox/150.0
2026-05-18 23:17:56 [http-nio-8080-exec-6] DEBUG c.e.employee.config.LoggingFilter - Header 'sec-fetch-mode' = no-cors
2026-05-18 23:17:56 [http-nio-8080-exec-9] DEBUG c.e.employee.config.LoggingFilter - Header 'accept' = */*
2026-05-18 23:17:56 [http-nio-8080-exec-6] DEBUG c.e.employee.config.LoggingFilter - Header 'sec-fetch-site' = same-origin
2026-05-18 23:17:56 [http-nio-8080-exec-9] DEBUG c.e.employee.config.LoggingFilter - Header 'accept-language' = es-MX,es;q=0.9,en-US;q=0.8,en;q=0.7
2026-05-18 23:17:56 [http-nio-8080-exec-6] DEBUG c.e.employee.config.LoggingFilter - Header 'priority' = u=2
2026-05-18 23:17:56 [http-nio-8080-exec-9] DEBUG c.e.employee.config.LoggingFilter - Header 'accept-encoding' = gzip, deflate, br, zstd
2026-05-18 23:17:56 [http-nio-8080-exec-6] DEBUG c.e.employee.config.LoggingFilter - Header 'pragma' = no-cache
2026-05-18 23:17:56 [http-nio-8080-exec-9] DEBUG c.e.employee.config.LoggingFilter - Header 'connection' = keep-alive
2026-05-18 23:17:56 [http-nio-8080-exec-3] DEBUG c.e.employee.config.LoggingFilter - Header 'sec-fetch-mode' = no-cors
2026-05-18 23:17:56 [http-nio-8080-exec-6] DEBUG c.e.employee.config.LoggingFilter - Header 'cache-control' = no-cache
2026-05-18 23:17:56 [http-nio-8080-exec-3] DEBUG c.e.employee.config.LoggingFilter - Header 'sec-fetch-site' = same-origin
2026-05-18 23:17:56 [http-nio-8080-exec-3] DEBUG c.e.employee.config.LoggingFilter - Header 'pragma' = no-cache
2026-05-18 23:17:56 [http-nio-8080-exec-3] DEBUG c.e.employee.config.LoggingFilter - Header 'cache-control' = no-cache
2026-05-18 23:17:56 [http-nio-8080-exec-9] DEBUG c.e.employee.config.LoggingFilter - Header 'referer' = http://localhost:8080/swagger-ui/index.html
2026-05-18 23:17:56 [http-nio-8080-exec-9] DEBUG c.e.employee.config.LoggingFilter - Header 'cookie' = JSESSIONID=595139CC24D11620FCCA29F5FB490534
2026-05-18 23:17:56 [http-nio-8080-exec-9] DEBUG c.e.employee.config.LoggingFilter - Header 'sec-fetch-dest' = script
2026-05-18 23:17:56 [http-nio-8080-exec-9] DEBUG c.e.employee.config.LoggingFilter - Header 'sec-fetch-mode' = no-cors
2026-05-18 23:17:56 [http-nio-8080-exec-9] DEBUG c.e.employee.config.LoggingFilter - Header 'sec-fetch-site' = same-origin
2026-05-18 23:17:56 [http-nio-8080-exec-9] DEBUG c.e.employee.config.LoggingFilter - Header 'pragma' = no-cache
2026-05-18 23:17:56 [http-nio-8080-exec-9] DEBUG c.e.employee.config.LoggingFilter - Header 'cache-control' = no-cache
2026-05-18 23:17:56 [http-nio-8080-exec-5] INFO  c.e.employee.config.LoggingFilter - Incoming request: GET /swagger-ui/swagger-initializer.js
2026-05-18 23:17:56 [http-nio-8080-exec-5] DEBUG c.e.employee.config.LoggingFilter - Header 'host' = localhost:8080
2026-05-18 23:17:56 [http-nio-8080-exec-5] DEBUG c.e.employee.config.LoggingFilter - Header 'user-agent' = Mozilla/5.0 (Windows NT 10.0; Win64; x64; rv:150.0) Gecko/20100101 Firefox/150.0
2026-05-18 23:17:56 [http-nio-8080-exec-5] DEBUG c.e.employee.config.LoggingFilter - Header 'accept' = */*
2026-05-18 23:17:56 [http-nio-8080-exec-5] DEBUG c.e.employee.config.LoggingFilter - Header 'accept-language' = es-MX,es;q=0.9,en-US;q=0.8,en;q=0.7
2026-05-18 23:17:56 [http-nio-8080-exec-5] DEBUG c.e.employee.config.LoggingFilter - Header 'accept-encoding' = gzip, deflate, br, zstd
2026-05-18 23:17:56 [http-nio-8080-exec-5] DEBUG c.e.employee.config.LoggingFilter - Header 'connection' = keep-alive
2026-05-18 23:17:56 [http-nio-8080-exec-5] DEBUG c.e.employee.config.LoggingFilter - Header 'referer' = http://localhost:8080/swagger-ui/index.html
2026-05-18 23:17:56 [http-nio-8080-exec-5] DEBUG c.e.employee.config.LoggingFilter - Header 'cookie' = JSESSIONID=595139CC24D11620FCCA29F5FB490534
2026-05-18 23:17:56 [http-nio-8080-exec-5] DEBUG c.e.employee.config.LoggingFilter - Header 'sec-fetch-dest' = script
2026-05-18 23:17:56 [http-nio-8080-exec-5] DEBUG c.e.employee.config.LoggingFilter - Header 'sec-fetch-mode' = no-cors
2026-05-18 23:17:56 [http-nio-8080-exec-5] DEBUG c.e.employee.config.LoggingFilter - Header 'sec-fetch-site' = same-origin
2026-05-18 23:17:56 [http-nio-8080-exec-5] DEBUG c.e.employee.config.LoggingFilter - Header 'pragma' = no-cache
2026-05-18 23:17:56 [http-nio-8080-exec-5] DEBUG c.e.employee.config.LoggingFilter - Header 'cache-control' = no-cache
2026-05-18 23:17:56 [http-nio-8080-exec-6] INFO  c.e.employee.config.LoggingFilter - Response status: 200
2026-05-18 23:17:56 [http-nio-8080-exec-7] INFO  c.e.employee.config.LoggingFilter - Response status: 200
2026-05-18 23:17:56 [http-nio-8080-exec-9] INFO  c.e.employee.config.LoggingFilter - Response status: 200
2026-05-18 23:17:56 [http-nio-8080-exec-5] INFO  c.e.employee.config.LoggingFilter - Response status: 200
2026-05-18 23:17:56 [http-nio-8080-exec-3] INFO  c.e.employee.config.LoggingFilter - Response status: 200
2026-05-18 23:17:56 [http-nio-8080-exec-8] INFO  c.e.employee.config.LoggingFilter - Incoming request: GET /v3/api-docs/swagger-config
2026-05-18 23:17:56 [http-nio-8080-exec-8] DEBUG c.e.employee.config.LoggingFilter - Header 'host' = localhost:8080
2026-05-18 23:17:56 [http-nio-8080-exec-8] DEBUG c.e.employee.config.LoggingFilter - Header 'user-agent' = Mozilla/5.0 (Windows NT 10.0; Win64; x64; rv:150.0) Gecko/20100101 Firefox/150.0
2026-05-18 23:17:56 [http-nio-8080-exec-8] DEBUG c.e.employee.config.LoggingFilter - Header 'accept' = */*
2026-05-18 23:17:56 [http-nio-8080-exec-8] DEBUG c.e.employee.config.LoggingFilter - Header 'accept-language' = es-MX,es;q=0.9,en-US;q=0.8,en;q=0.7
2026-05-18 23:17:56 [http-nio-8080-exec-8] DEBUG c.e.employee.config.LoggingFilter - Header 'accept-encoding' = gzip, deflate, br, zstd
2026-05-18 23:17:56 [http-nio-8080-exec-8] DEBUG c.e.employee.config.LoggingFilter - Header 'referer' = http://localhost:8080/swagger-ui/index.html
2026-05-18 23:17:56 [http-nio-8080-exec-8] DEBUG c.e.employee.config.LoggingFilter - Header 'connection' = keep-alive
2026-05-18 23:17:56 [http-nio-8080-exec-8] DEBUG c.e.employee.config.LoggingFilter - Header 'cookie' = JSESSIONID=595139CC24D11620FCCA29F5FB490534
2026-05-18 23:17:56 [http-nio-8080-exec-8] DEBUG c.e.employee.config.LoggingFilter - Header 'sec-fetch-dest' = empty
2026-05-18 23:17:56 [http-nio-8080-exec-8] DEBUG c.e.employee.config.LoggingFilter - Header 'sec-fetch-mode' = cors
2026-05-18 23:17:56 [http-nio-8080-exec-8] DEBUG c.e.employee.config.LoggingFilter - Header 'sec-fetch-site' = same-origin
2026-05-18 23:17:56 [http-nio-8080-exec-8] DEBUG c.e.employee.config.LoggingFilter - Header 'priority' = u=4
2026-05-18 23:17:56 [http-nio-8080-exec-8] INFO  c.e.employee.config.LoggingFilter - Response status: 200
2026-05-18 23:17:56 [http-nio-8080-exec-7] INFO  c.e.employee.config.LoggingFilter - Incoming request: GET /swagger-ui/index.html
2026-05-18 23:17:56 [http-nio-8080-exec-7] DEBUG c.e.employee.config.LoggingFilter - Header 'host' = localhost:8080
2026-05-18 23:17:56 [http-nio-8080-exec-7] DEBUG c.e.employee.config.LoggingFilter - Header 'user-agent' = Mozilla/5.0 (Windows NT 10.0; Win64; x64; rv:150.0) Gecko/20100101 Firefox/150.0
2026-05-18 23:17:56 [http-nio-8080-exec-7] DEBUG c.e.employee.config.LoggingFilter - Header 'accept' = text/html,application/xhtml+xml,application/xml;q=0.9,*/*;q=0.8
2026-05-18 23:17:56 [http-nio-8080-exec-7] DEBUG c.e.employee.config.LoggingFilter - Header 'accept-language' = es-MX,es;q=0.9,en-US;q=0.8,en;q=0.7
2026-05-18 23:17:56 [http-nio-8080-exec-7] DEBUG c.e.employee.config.LoggingFilter - Header 'accept-encoding' = gzip, deflate, br, zstd
2026-05-18 23:17:56 [http-nio-8080-exec-7] DEBUG c.e.employee.config.LoggingFilter - Header 'connection' = keep-alive
2026-05-18 23:17:56 [http-nio-8080-exec-7] DEBUG c.e.employee.config.LoggingFilter - Header 'cookie' = JSESSIONID=595139CC24D11620FCCA29F5FB490534
2026-05-18 23:17:56 [http-nio-8080-exec-7] DEBUG c.e.employee.config.LoggingFilter - Header 'upgrade-insecure-requests' = 1
2026-05-18 23:17:56 [http-nio-8080-exec-7] DEBUG c.e.employee.config.LoggingFilter - Header 'sec-fetch-dest' = document
2026-05-18 23:17:56 [http-nio-8080-exec-7] DEBUG c.e.employee.config.LoggingFilter - Header 'sec-fetch-mode' = navigate
2026-05-18 23:17:56 [http-nio-8080-exec-7] DEBUG c.e.employee.config.LoggingFilter - Header 'sec-fetch-site' = none
2026-05-18 23:17:56 [http-nio-8080-exec-7] DEBUG c.e.employee.config.LoggingFilter - Header 'sec-fetch-user' = ?1
2026-05-18 23:17:56 [http-nio-8080-exec-7] DEBUG c.e.employee.config.LoggingFilter - Header 'priority' = u=0, i
2026-05-18 23:17:56 [http-nio-8080-exec-7] DEBUG c.e.employee.config.LoggingFilter - Header 'pragma' = no-cache
2026-05-18 23:17:56 [http-nio-8080-exec-7] DEBUG c.e.employee.config.LoggingFilter - Header 'cache-control' = no-cache
2026-05-18 23:17:56 [http-nio-8080-exec-7] INFO  c.e.employee.config.LoggingFilter - Response status: 200
2026-05-18 23:17:56 [http-nio-8080-exec-5] INFO  c.e.employee.config.LoggingFilter - Incoming request: GET /swagger-ui/swagger-ui.css
2026-05-18 23:17:56 [http-nio-8080-exec-5] DEBUG c.e.employee.config.LoggingFilter - Header 'host' = localhost:8080
2026-05-18 23:17:56 [http-nio-8080-exec-9] INFO  c.e.employee.config.LoggingFilter - Incoming request: GET /swagger-ui/index.css
2026-05-18 23:17:56 [http-nio-8080-exec-9] DEBUG c.e.employee.config.LoggingFilter - Header 'host' = localhost:8080
2026-05-18 23:17:56 [http-nio-8080-exec-9] DEBUG c.e.employee.config.LoggingFilter - Header 'user-agent' = Mozilla/5.0 (Windows NT 10.0; Win64; x64; rv:150.0) Gecko/20100101 Firefox/150.0
2026-05-18 23:17:56 [http-nio-8080-exec-9] DEBUG c.e.employee.config.LoggingFilter - Header 'accept' = text/css,*/*;q=0.1
2026-05-18 23:17:56 [http-nio-8080-exec-5] DEBUG c.e.employee.config.LoggingFilter - Header 'user-agent' = Mozilla/5.0 (Windows NT 10.0; Win64; x64; rv:150.0) Gecko/20100101 Firefox/150.0
2026-05-18 23:17:56 [http-nio-8080-exec-9] DEBUG c.e.employee.config.LoggingFilter - Header 'accept-language' = es-MX,es;q=0.9,en-US;q=0.8,en;q=0.7
2026-05-18 23:17:56 [http-nio-8080-exec-9] DEBUG c.e.employee.config.LoggingFilter - Header 'accept-encoding' = gzip, deflate, br, zstd
2026-05-18 23:17:56 [http-nio-8080-exec-5] DEBUG c.e.employee.config.LoggingFilter - Header 'accept' = text/css,*/*;q=0.1
2026-05-18 23:17:56 [http-nio-8080-exec-3] INFO  c.e.employee.config.LoggingFilter - Incoming request: GET /swagger-ui/swagger-ui-bundle.js
2026-05-18 23:17:56 [http-nio-8080-exec-5] DEBUG c.e.employee.config.LoggingFilter - Header 'accept-language' = es-MX,es;q=0.9,en-US;q=0.8,en;q=0.7
2026-05-18 23:17:56 [http-nio-8080-exec-5] DEBUG c.e.employee.config.LoggingFilter - Header 'accept-encoding' = gzip, deflate, br, zstd
2026-05-18 23:17:56 [http-nio-8080-exec-3] DEBUG c.e.employee.config.LoggingFilter - Header 'host' = localhost:8080
2026-05-18 23:17:56 [http-nio-8080-exec-5] DEBUG c.e.employee.config.LoggingFilter - Header 'connection' = keep-alive
2026-05-18 23:17:56 [http-nio-8080-exec-5] DEBUG c.e.employee.config.LoggingFilter - Header 'referer' = http://localhost:8080/swagger-ui/index.html
2026-05-18 23:17:56 [http-nio-8080-exec-3] DEBUG c.e.employee.config.LoggingFilter - Header 'user-agent' = Mozilla/5.0 (Windows NT 10.0; Win64; x64; rv:150.0) Gecko/20100101 Firefox/150.0
2026-05-18 23:17:56 [http-nio-8080-exec-9] DEBUG c.e.employee.config.LoggingFilter - Header 'connection' = keep-alive
2026-05-18 23:17:56 [http-nio-8080-exec-3] DEBUG c.e.employee.config.LoggingFilter - Header 'accept' = */*
2026-05-18 23:17:56 [http-nio-8080-exec-5] DEBUG c.e.employee.config.LoggingFilter - Header 'cookie' = JSESSIONID=595139CC24D11620FCCA29F5FB490534
2026-05-18 23:17:56 [http-nio-8080-exec-9] DEBUG c.e.employee.config.LoggingFilter - Header 'referer' = http://localhost:8080/swagger-ui/index.html
2026-05-18 23:17:56 [http-nio-8080-exec-3] DEBUG c.e.employee.config.LoggingFilter - Header 'accept-language' = es-MX,es;q=0.9,en-US;q=0.8,en;q=0.7
2026-05-18 23:17:56 [http-nio-8080-exec-9] DEBUG c.e.employee.config.LoggingFilter - Header 'cookie' = JSESSIONID=595139CC24D11620FCCA29F5FB490534
2026-05-18 23:17:56 [http-nio-8080-exec-5] DEBUG c.e.employee.config.LoggingFilter - Header 'sec-fetch-dest' = style
2026-05-18 23:17:56 [http-nio-8080-exec-9] DEBUG c.e.employee.config.LoggingFilter - Header 'sec-fetch-dest' = style
2026-05-18 23:17:56 [http-nio-8080-exec-9] DEBUG c.e.employee.config.LoggingFilter - Header 'sec-fetch-mode' = no-cors
2026-05-18 23:17:56 [http-nio-8080-exec-3] DEBUG c.e.employee.config.LoggingFilter - Header 'accept-encoding' = gzip, deflate, br, zstd
2026-05-18 23:17:56 [http-nio-8080-exec-5] DEBUG c.e.employee.config.LoggingFilter - Header 'sec-fetch-mode' = no-cors
2026-05-18 23:17:56 [http-nio-8080-exec-5] DEBUG c.e.employee.config.LoggingFilter - Header 'sec-fetch-site' = same-origin
2026-05-18 23:17:56 [http-nio-8080-exec-9] DEBUG c.e.employee.config.LoggingFilter - Header 'sec-fetch-site' = same-origin
2026-05-18 23:17:56 [http-nio-8080-exec-9] DEBUG c.e.employee.config.LoggingFilter - Header 'priority' = u=2
2026-05-18 23:17:56 [http-nio-8080-exec-9] DEBUG c.e.employee.config.LoggingFilter - Header 'pragma' = no-cache
2026-05-18 23:17:56 [http-nio-8080-exec-9] DEBUG c.e.employee.config.LoggingFilter - Header 'cache-control' = no-cache
2026-05-18 23:17:56 [http-nio-8080-exec-3] DEBUG c.e.employee.config.LoggingFilter - Header 'connection' = keep-alive
2026-05-18 23:17:56 [http-nio-8080-exec-3] DEBUG c.e.employee.config.LoggingFilter - Header 'referer' = http://localhost:8080/swagger-ui/index.html
2026-05-18 23:17:56 [http-nio-8080-exec-3] DEBUG c.e.employee.config.LoggingFilter - Header 'cookie' = JSESSIONID=595139CC24D11620FCCA29F5FB490534
2026-05-18 23:17:56 [http-nio-8080-exec-3] DEBUG c.e.employee.config.LoggingFilter - Header 'sec-fetch-dest' = script
2026-05-18 23:17:56 [http-nio-8080-exec-3] DEBUG c.e.employee.config.LoggingFilter - Header 'sec-fetch-mode' = no-cors
2026-05-18 23:17:56 [http-nio-8080-exec-3] DEBUG c.e.employee.config.LoggingFilter - Header 'sec-fetch-site' = same-origin
2026-05-18 23:17:56 [http-nio-8080-exec-1] INFO  c.e.employee.config.LoggingFilter - Incoming request: GET /swagger-ui/swagger-initializer.js
2026-05-18 23:17:56 [http-nio-8080-exec-3] DEBUG c.e.employee.config.LoggingFilter - Header 'pragma' = no-cache
2026-05-18 23:17:56 [http-nio-8080-exec-1] DEBUG c.e.employee.config.LoggingFilter - Header 'host' = localhost:8080
2026-05-18 23:17:56 [http-nio-8080-exec-5] DEBUG c.e.employee.config.LoggingFilter - Header 'priority' = u=2
2026-05-18 23:17:56 [http-nio-8080-exec-1] DEBUG c.e.employee.config.LoggingFilter - Header 'user-agent' = Mozilla/5.0 (Windows NT 10.0; Win64; x64; rv:150.0) Gecko/20100101 Firefox/150.0
2026-05-18 23:17:56 [http-nio-8080-exec-5] DEBUG c.e.employee.config.LoggingFilter - Header 'pragma' = no-cache
2026-05-18 23:17:56 [http-nio-8080-exec-1] DEBUG c.e.employee.config.LoggingFilter - Header 'accept' = */*
2026-05-18 23:17:56 [http-nio-8080-exec-5] DEBUG c.e.employee.config.LoggingFilter - Header 'cache-control' = no-cache
2026-05-18 23:17:56 [http-nio-8080-exec-1] DEBUG c.e.employee.config.LoggingFilter - Header 'accept-language' = es-MX,es;q=0.9,en-US;q=0.8,en;q=0.7
2026-05-18 23:17:56 [http-nio-8080-exec-1] DEBUG c.e.employee.config.LoggingFilter - Header 'accept-encoding' = gzip, deflate, br, zstd
2026-05-18 23:17:56 [http-nio-8080-exec-1] DEBUG c.e.employee.config.LoggingFilter - Header 'connection' = keep-alive
2026-05-18 23:17:56 [http-nio-8080-exec-1] DEBUG c.e.employee.config.LoggingFilter - Header 'referer' = http://localhost:8080/swagger-ui/index.html
2026-05-18 23:17:56 [http-nio-8080-exec-1] DEBUG c.e.employee.config.LoggingFilter - Header 'cookie' = JSESSIONID=595139CC24D11620FCCA29F5FB490534
2026-05-18 23:17:56 [http-nio-8080-exec-8] INFO  c.e.employee.config.LoggingFilter - Incoming request: GET /swagger-ui/swagger-ui-standalone-preset.js
2026-05-18 23:17:56 [http-nio-8080-exec-3] DEBUG c.e.employee.config.LoggingFilter - Header 'cache-control' = no-cache
2026-05-18 23:17:56 [http-nio-8080-exec-8] DEBUG c.e.employee.config.LoggingFilter - Header 'host' = localhost:8080
2026-05-18 23:17:56 [http-nio-8080-exec-1] DEBUG c.e.employee.config.LoggingFilter - Header 'sec-fetch-dest' = script
2026-05-18 23:17:56 [http-nio-8080-exec-1] DEBUG c.e.employee.config.LoggingFilter - Header 'sec-fetch-mode' = no-cors
2026-05-18 23:17:56 [http-nio-8080-exec-8] DEBUG c.e.employee.config.LoggingFilter - Header 'user-agent' = Mozilla/5.0 (Windows NT 10.0; Win64; x64; rv:150.0) Gecko/20100101 Firefox/150.0
2026-05-18 23:17:56 [http-nio-8080-exec-1] DEBUG c.e.employee.config.LoggingFilter - Header 'sec-fetch-site' = same-origin
2026-05-18 23:17:56 [http-nio-8080-exec-8] DEBUG c.e.employee.config.LoggingFilter - Header 'accept' = */*
2026-05-18 23:17:56 [http-nio-8080-exec-1] DEBUG c.e.employee.config.LoggingFilter - Header 'pragma' = no-cache
2026-05-18 23:17:56 [http-nio-8080-exec-8] DEBUG c.e.employee.config.LoggingFilter - Header 'accept-language' = es-MX,es;q=0.9,en-US;q=0.8,en;q=0.7
2026-05-18 23:17:56 [http-nio-8080-exec-1] DEBUG c.e.employee.config.LoggingFilter - Header 'cache-control' = no-cache
2026-05-18 23:17:56 [http-nio-8080-exec-8] DEBUG c.e.employee.config.LoggingFilter - Header 'accept-encoding' = gzip, deflate, br, zstd
2026-05-18 23:17:56 [http-nio-8080-exec-8] DEBUG c.e.employee.config.LoggingFilter - Header 'connection' = keep-alive
2026-05-18 23:17:56 [http-nio-8080-exec-8] DEBUG c.e.employee.config.LoggingFilter - Header 'referer' = http://localhost:8080/swagger-ui/index.html
2026-05-18 23:17:56 [http-nio-8080-exec-8] DEBUG c.e.employee.config.LoggingFilter - Header 'cookie' = JSESSIONID=595139CC24D11620FCCA29F5FB490534
2026-05-18 23:17:56 [http-nio-8080-exec-8] DEBUG c.e.employee.config.LoggingFilter - Header 'sec-fetch-dest' = script
2026-05-18 23:17:56 [http-nio-8080-exec-8] DEBUG c.e.employee.config.LoggingFilter - Header 'sec-fetch-mode' = no-cors
2026-05-18 23:17:56 [http-nio-8080-exec-8] DEBUG c.e.employee.config.LoggingFilter - Header 'sec-fetch-site' = same-origin
2026-05-18 23:17:56 [http-nio-8080-exec-8] DEBUG c.e.employee.config.LoggingFilter - Header 'pragma' = no-cache
2026-05-18 23:17:56 [http-nio-8080-exec-8] DEBUG c.e.employee.config.LoggingFilter - Header 'cache-control' = no-cache
2026-05-18 23:17:56 [http-nio-8080-exec-1] INFO  c.e.employee.config.LoggingFilter - Response status: 200
2026-05-18 23:17:56 [http-nio-8080-exec-5] INFO  c.e.employee.config.LoggingFilter - Response status: 200
2026-05-18 23:17:56 [http-nio-8080-exec-9] INFO  c.e.employee.config.LoggingFilter - Response status: 200
2026-05-18 23:17:56 [http-nio-8080-exec-8] INFO  c.e.employee.config.LoggingFilter - Response status: 200
2026-05-18 23:17:56 [http-nio-8080-exec-3] INFO  c.e.employee.config.LoggingFilter - Response status: 200
2026-05-18 23:17:57 [http-nio-8080-exec-2] INFO  c.e.employee.config.LoggingFilter - Incoming request: GET /swagger-ui/favicon-32x32.png
2026-05-18 23:17:57 [http-nio-8080-exec-2] DEBUG c.e.employee.config.LoggingFilter - Header 'host' = localhost:8080
2026-05-18 23:17:57 [http-nio-8080-exec-2] DEBUG c.e.employee.config.LoggingFilter - Header 'user-agent' = Mozilla/5.0 (Windows NT 10.0; Win64; x64; rv:150.0) Gecko/20100101 Firefox/150.0
2026-05-18 23:17:57 [http-nio-8080-exec-2] DEBUG c.e.employee.config.LoggingFilter - Header 'accept' = image/avif,image/webp,image/png,image/svg+xml,image/*;q=0.8,*/*;q=0.5
2026-05-18 23:17:57 [http-nio-8080-exec-2] DEBUG c.e.employee.config.LoggingFilter - Header 'accept-language' = es-MX,es;q=0.9,en-US;q=0.8,en;q=0.7
2026-05-18 23:17:57 [http-nio-8080-exec-2] DEBUG c.e.employee.config.LoggingFilter - Header 'accept-encoding' = gzip, deflate, br, zstd
2026-05-18 23:17:57 [http-nio-8080-exec-2] DEBUG c.e.employee.config.LoggingFilter - Header 'connection' = keep-alive
2026-05-18 23:17:57 [http-nio-8080-exec-2] DEBUG c.e.employee.config.LoggingFilter - Header 'referer' = http://localhost:8080/swagger-ui/index.html
2026-05-18 23:17:57 [http-nio-8080-exec-2] DEBUG c.e.employee.config.LoggingFilter - Header 'cookie' = JSESSIONID=595139CC24D11620FCCA29F5FB490534
2026-05-18 23:17:57 [http-nio-8080-exec-2] DEBUG c.e.employee.config.LoggingFilter - Header 'sec-fetch-dest' = image
2026-05-18 23:17:57 [http-nio-8080-exec-2] DEBUG c.e.employee.config.LoggingFilter - Header 'sec-fetch-mode' = no-cors
2026-05-18 23:17:57 [http-nio-8080-exec-2] DEBUG c.e.employee.config.LoggingFilter - Header 'sec-fetch-site' = same-origin
2026-05-18 23:17:57 [http-nio-8080-exec-2] DEBUG c.e.employee.config.LoggingFilter - Header 'priority' = u=6
2026-05-18 23:17:57 [http-nio-8080-exec-2] DEBUG c.e.employee.config.LoggingFilter - Header 'pragma' = no-cache
2026-05-18 23:17:57 [http-nio-8080-exec-2] DEBUG c.e.employee.config.LoggingFilter - Header 'cache-control' = no-cache
2026-05-18 23:17:57 [http-nio-8080-exec-2] INFO  c.e.employee.config.LoggingFilter - Response status: 200
2026-05-18 23:17:57 [http-nio-8080-exec-5] INFO  c.e.employee.config.LoggingFilter - Incoming request: GET /swagger-ui/index.html
2026-05-18 23:17:57 [http-nio-8080-exec-5] DEBUG c.e.employee.config.LoggingFilter - Header 'host' = localhost:8080
2026-05-18 23:17:57 [http-nio-8080-exec-5] DEBUG c.e.employee.config.LoggingFilter - Header 'user-agent' = Mozilla/5.0 (Windows NT 10.0; Win64; x64; rv:150.0) Gecko/20100101 Firefox/150.0
2026-05-18 23:17:57 [http-nio-8080-exec-5] DEBUG c.e.employee.config.LoggingFilter - Header 'accept' = text/html,application/xhtml+xml,application/xml;q=0.9,*/*;q=0.8
2026-05-18 23:17:57 [http-nio-8080-exec-5] DEBUG c.e.employee.config.LoggingFilter - Header 'accept-language' = es-MX,es;q=0.9,en-US;q=0.8,en;q=0.7
2026-05-18 23:17:57 [http-nio-8080-exec-5] DEBUG c.e.employee.config.LoggingFilter - Header 'accept-encoding' = gzip, deflate, br, zstd
2026-05-18 23:17:57 [http-nio-8080-exec-5] DEBUG c.e.employee.config.LoggingFilter - Header 'connection' = keep-alive
2026-05-18 23:17:57 [http-nio-8080-exec-5] DEBUG c.e.employee.config.LoggingFilter - Header 'cookie' = JSESSIONID=595139CC24D11620FCCA29F5FB490534
2026-05-18 23:17:57 [http-nio-8080-exec-5] DEBUG c.e.employee.config.LoggingFilter - Header 'upgrade-insecure-requests' = 1
2026-05-18 23:17:57 [http-nio-8080-exec-5] DEBUG c.e.employee.config.LoggingFilter - Header 'sec-fetch-dest' = document
2026-05-18 23:17:57 [http-nio-8080-exec-5] DEBUG c.e.employee.config.LoggingFilter - Header 'sec-fetch-mode' = navigate
2026-05-18 23:17:57 [http-nio-8080-exec-5] DEBUG c.e.employee.config.LoggingFilter - Header 'sec-fetch-site' = none
2026-05-18 23:17:57 [http-nio-8080-exec-5] DEBUG c.e.employee.config.LoggingFilter - Header 'sec-fetch-user' = ?1
2026-05-18 23:17:57 [http-nio-8080-exec-5] DEBUG c.e.employee.config.LoggingFilter - Header 'priority' = u=0, i
2026-05-18 23:17:57 [http-nio-8080-exec-5] DEBUG c.e.employee.config.LoggingFilter - Header 'pragma' = no-cache
2026-05-18 23:17:57 [http-nio-8080-exec-5] DEBUG c.e.employee.config.LoggingFilter - Header 'cache-control' = no-cache
2026-05-18 23:17:57 [http-nio-8080-exec-5] INFO  c.e.employee.config.LoggingFilter - Response status: 200
2026-05-18 23:17:57 [http-nio-8080-exec-9] INFO  c.e.employee.config.LoggingFilter - Incoming request: GET /swagger-ui/swagger-ui.css
2026-05-18 23:17:57 [http-nio-8080-exec-9] DEBUG c.e.employee.config.LoggingFilter - Header 'host' = localhost:8080
2026-05-18 23:17:57 [http-nio-8080-exec-9] DEBUG c.e.employee.config.LoggingFilter - Header 'user-agent' = Mozilla/5.0 (Windows NT 10.0; Win64; x64; rv:150.0) Gecko/20100101 Firefox/150.0
2026-05-18 23:17:57 [http-nio-8080-exec-8] INFO  c.e.employee.config.LoggingFilter - Incoming request: GET /swagger-ui/index.css
2026-05-18 23:17:57 [http-nio-8080-exec-9] DEBUG c.e.employee.config.LoggingFilter - Header 'accept' = text/css,*/*;q=0.1
2026-05-18 23:17:57 [http-nio-8080-exec-9] DEBUG c.e.employee.config.LoggingFilter - Header 'accept-language' = es-MX,es;q=0.9,en-US;q=0.8,en;q=0.7
2026-05-18 23:17:57 [http-nio-8080-exec-9] DEBUG c.e.employee.config.LoggingFilter - Header 'accept-encoding' = gzip, deflate, br, zstd
2026-05-18 23:17:57 [http-nio-8080-exec-9] DEBUG c.e.employee.config.LoggingFilter - Header 'connection' = keep-alive
2026-05-18 23:17:57 [http-nio-8080-exec-9] DEBUG c.e.employee.config.LoggingFilter - Header 'referer' = http://localhost:8080/swagger-ui/index.html
2026-05-18 23:17:57 [http-nio-8080-exec-9] DEBUG c.e.employee.config.LoggingFilter - Header 'cookie' = JSESSIONID=595139CC24D11620FCCA29F5FB490534
2026-05-18 23:17:57 [http-nio-8080-exec-9] DEBUG c.e.employee.config.LoggingFilter - Header 'sec-fetch-dest' = style
2026-05-18 23:17:57 [http-nio-8080-exec-9] DEBUG c.e.employee.config.LoggingFilter - Header 'sec-fetch-mode' = no-cors
2026-05-18 23:17:57 [http-nio-8080-exec-9] DEBUG c.e.employee.config.LoggingFilter - Header 'sec-fetch-site' = same-origin
2026-05-18 23:17:57 [http-nio-8080-exec-9] DEBUG c.e.employee.config.LoggingFilter - Header 'priority' = u=2
2026-05-18 23:17:57 [http-nio-8080-exec-9] DEBUG c.e.employee.config.LoggingFilter - Header 'pragma' = no-cache
2026-05-18 23:17:57 [http-nio-8080-exec-9] DEBUG c.e.employee.config.LoggingFilter - Header 'cache-control' = no-cache
2026-05-18 23:17:57 [http-nio-8080-exec-8] DEBUG c.e.employee.config.LoggingFilter - Header 'host' = localhost:8080
2026-05-18 23:17:57 [http-nio-8080-exec-8] DEBUG c.e.employee.config.LoggingFilter - Header 'user-agent' = Mozilla/5.0 (Windows NT 10.0; Win64; x64; rv:150.0) Gecko/20100101 Firefox/150.0
2026-05-18 23:17:57 [http-nio-8080-exec-8] DEBUG c.e.employee.config.LoggingFilter - Header 'accept' = text/css,*/*;q=0.1
2026-05-18 23:17:57 [http-nio-8080-exec-8] DEBUG c.e.employee.config.LoggingFilter - Header 'accept-language' = es-MX,es;q=0.9,en-US;q=0.8,en;q=0.7
2026-05-18 23:17:57 [http-nio-8080-exec-8] DEBUG c.e.employee.config.LoggingFilter - Header 'accept-encoding' = gzip, deflate, br, zstd
2026-05-18 23:17:57 [http-nio-8080-exec-3] INFO  c.e.employee.config.LoggingFilter - Incoming request: GET /swagger-ui/swagger-ui-bundle.js
2026-05-18 23:17:57 [http-nio-8080-exec-3] DEBUG c.e.employee.config.LoggingFilter - Header 'host' = localhost:8080
2026-05-18 23:17:57 [http-nio-8080-exec-3] DEBUG c.e.employee.config.LoggingFilter - Header 'user-agent' = Mozilla/5.0 (Windows NT 10.0; Win64; x64; rv:150.0) Gecko/20100101 Firefox/150.0
2026-05-18 23:17:57 [http-nio-8080-exec-3] DEBUG c.e.employee.config.LoggingFilter - Header 'accept' = */*
2026-05-18 23:17:57 [http-nio-8080-exec-3] DEBUG c.e.employee.config.LoggingFilter - Header 'accept-language' = es-MX,es;q=0.9,en-US;q=0.8,en;q=0.7
2026-05-18 23:17:57 [http-nio-8080-exec-3] DEBUG c.e.employee.config.LoggingFilter - Header 'accept-encoding' = gzip, deflate, br, zstd
2026-05-18 23:17:57 [http-nio-8080-exec-3] DEBUG c.e.employee.config.LoggingFilter - Header 'connection' = keep-alive
2026-05-18 23:17:57 [http-nio-8080-exec-3] DEBUG c.e.employee.config.LoggingFilter - Header 'referer' = http://localhost:8080/swagger-ui/index.html
2026-05-18 23:17:57 [http-nio-8080-exec-3] DEBUG c.e.employee.config.LoggingFilter - Header 'cookie' = JSESSIONID=595139CC24D11620FCCA29F5FB490534
2026-05-18 23:17:57 [http-nio-8080-exec-3] DEBUG c.e.employee.config.LoggingFilter - Header 'sec-fetch-dest' = script
2026-05-18 23:17:57 [http-nio-8080-exec-3] DEBUG c.e.employee.config.LoggingFilter - Header 'sec-fetch-mode' = no-cors
2026-05-18 23:17:57 [http-nio-8080-exec-3] DEBUG c.e.employee.config.LoggingFilter - Header 'sec-fetch-site' = same-origin
2026-05-18 23:17:57 [http-nio-8080-exec-3] DEBUG c.e.employee.config.LoggingFilter - Header 'pragma' = no-cache
2026-05-18 23:17:57 [http-nio-8080-exec-3] DEBUG c.e.employee.config.LoggingFilter - Header 'cache-control' = no-cache
2026-05-18 23:17:57 [http-nio-8080-exec-8] DEBUG c.e.employee.config.LoggingFilter - Header 'connection' = keep-alive
2026-05-18 23:17:57 [http-nio-8080-exec-8] DEBUG c.e.employee.config.LoggingFilter - Header 'referer' = http://localhost:8080/swagger-ui/index.html
2026-05-18 23:17:57 [http-nio-8080-exec-8] DEBUG c.e.employee.config.LoggingFilter - Header 'cookie' = JSESSIONID=595139CC24D11620FCCA29F5FB490534
2026-05-18 23:17:57 [http-nio-8080-exec-4] INFO  c.e.employee.config.LoggingFilter - Incoming request: GET /swagger-ui/swagger-initializer.js
2026-05-18 23:17:57 [http-nio-8080-exec-8] DEBUG c.e.employee.config.LoggingFilter - Header 'sec-fetch-dest' = style
2026-05-18 23:17:57 [http-nio-8080-exec-8] DEBUG c.e.employee.config.LoggingFilter - Header 'sec-fetch-mode' = no-cors
2026-05-18 23:17:57 [http-nio-8080-exec-8] DEBUG c.e.employee.config.LoggingFilter - Header 'sec-fetch-site' = same-origin
2026-05-18 23:17:57 [http-nio-8080-exec-4] DEBUG c.e.employee.config.LoggingFilter - Header 'host' = localhost:8080
2026-05-18 23:17:57 [http-nio-8080-exec-4] DEBUG c.e.employee.config.LoggingFilter - Header 'user-agent' = Mozilla/5.0 (Windows NT 10.0; Win64; x64; rv:150.0) Gecko/20100101 Firefox/150.0
2026-05-18 23:17:57 [http-nio-8080-exec-4] DEBUG c.e.employee.config.LoggingFilter - Header 'accept' = */*
2026-05-18 23:17:57 [http-nio-8080-exec-2] INFO  c.e.employee.config.LoggingFilter - Incoming request: GET /swagger-ui/swagger-ui-standalone-preset.js
2026-05-18 23:17:57 [http-nio-8080-exec-6] INFO  c.e.employee.config.LoggingFilter - Incoming request: GET /swagger-ui/index.html
2026-05-18 23:17:57 [http-nio-8080-exec-2] DEBUG c.e.employee.config.LoggingFilter - Header 'host' = localhost:8080
2026-05-18 23:17:57 [http-nio-8080-exec-8] DEBUG c.e.employee.config.LoggingFilter - Header 'priority' = u=2
2026-05-18 23:17:57 [http-nio-8080-exec-2] DEBUG c.e.employee.config.LoggingFilter - Header 'user-agent' = Mozilla/5.0 (Windows NT 10.0; Win64; x64; rv:150.0) Gecko/20100101 Firefox/150.0
2026-05-18 23:17:57 [http-nio-8080-exec-6] DEBUG c.e.employee.config.LoggingFilter - Header 'host' = localhost:8080
2026-05-18 23:17:57 [http-nio-8080-exec-2] DEBUG c.e.employee.config.LoggingFilter - Header 'accept' = */*
2026-05-18 23:17:57 [http-nio-8080-exec-4] DEBUG c.e.employee.config.LoggingFilter - Header 'accept-language' = es-MX,es;q=0.9,en-US;q=0.8,en;q=0.7
2026-05-18 23:17:57 [http-nio-8080-exec-8] DEBUG c.e.employee.config.LoggingFilter - Header 'pragma' = no-cache
2026-05-18 23:17:57 [http-nio-8080-exec-6] DEBUG c.e.employee.config.LoggingFilter - Header 'user-agent' = Mozilla/5.0 (Windows NT 10.0; Win64; x64; rv:150.0) Gecko/20100101 Firefox/150.0
2026-05-18 23:17:57 [http-nio-8080-exec-2] DEBUG c.e.employee.config.LoggingFilter - Header 'accept-language' = es-MX,es;q=0.9,en-US;q=0.8,en;q=0.7
2026-05-18 23:17:57 [http-nio-8080-exec-8] DEBUG c.e.employee.config.LoggingFilter - Header 'cache-control' = no-cache
2026-05-18 23:17:57 [http-nio-8080-exec-6] DEBUG c.e.employee.config.LoggingFilter - Header 'accept' = text/html,application/xhtml+xml,application/xml;q=0.9,*/*;q=0.8
2026-05-18 23:17:57 [http-nio-8080-exec-6] DEBUG c.e.employee.config.LoggingFilter - Header 'accept-language' = es-MX,es;q=0.9,en-US;q=0.8,en;q=0.7
2026-05-18 23:17:57 [http-nio-8080-exec-6] DEBUG c.e.employee.config.LoggingFilter - Header 'accept-encoding' = gzip, deflate, br, zstd
2026-05-18 23:17:57 [http-nio-8080-exec-6] DEBUG c.e.employee.config.LoggingFilter - Header 'connection' = keep-alive
2026-05-18 23:17:57 [http-nio-8080-exec-6] DEBUG c.e.employee.config.LoggingFilter - Header 'cookie' = JSESSIONID=595139CC24D11620FCCA29F5FB490534
2026-05-18 23:17:57 [http-nio-8080-exec-6] DEBUG c.e.employee.config.LoggingFilter - Header 'upgrade-insecure-requests' = 1
2026-05-18 23:17:57 [http-nio-8080-exec-6] DEBUG c.e.employee.config.LoggingFilter - Header 'sec-fetch-dest' = document
2026-05-18 23:17:57 [http-nio-8080-exec-2] DEBUG c.e.employee.config.LoggingFilter - Header 'accept-encoding' = gzip, deflate, br, zstd
2026-05-18 23:17:57 [http-nio-8080-exec-4] DEBUG c.e.employee.config.LoggingFilter - Header 'accept-encoding' = gzip, deflate, br, zstd
2026-05-18 23:17:57 [http-nio-8080-exec-6] DEBUG c.e.employee.config.LoggingFilter - Header 'sec-fetch-mode' = navigate
2026-05-18 23:17:57 [http-nio-8080-exec-2] DEBUG c.e.employee.config.LoggingFilter - Header 'connection' = keep-alive
2026-05-18 23:17:57 [http-nio-8080-exec-6] DEBUG c.e.employee.config.LoggingFilter - Header 'sec-fetch-site' = none
2026-05-18 23:17:57 [http-nio-8080-exec-4] DEBUG c.e.employee.config.LoggingFilter - Header 'connection' = keep-alive
2026-05-18 23:17:57 [http-nio-8080-exec-6] DEBUG c.e.employee.config.LoggingFilter - Header 'sec-fetch-user' = ?1
2026-05-18 23:17:57 [http-nio-8080-exec-4] DEBUG c.e.employee.config.LoggingFilter - Header 'referer' = http://localhost:8080/swagger-ui/index.html
2026-05-18 23:17:57 [http-nio-8080-exec-2] DEBUG c.e.employee.config.LoggingFilter - Header 'referer' = http://localhost:8080/swagger-ui/index.html
2026-05-18 23:17:57 [http-nio-8080-exec-4] DEBUG c.e.employee.config.LoggingFilter - Header 'cookie' = JSESSIONID=595139CC24D11620FCCA29F5FB490534
2026-05-18 23:17:57 [http-nio-8080-exec-6] DEBUG c.e.employee.config.LoggingFilter - Header 'priority' = u=0, i
2026-05-18 23:17:57 [http-nio-8080-exec-4] DEBUG c.e.employee.config.LoggingFilter - Header 'sec-fetch-dest' = script
2026-05-18 23:17:57 [http-nio-8080-exec-2] DEBUG c.e.employee.config.LoggingFilter - Header 'cookie' = JSESSIONID=595139CC24D11620FCCA29F5FB490534
2026-05-18 23:17:57 [http-nio-8080-exec-6] DEBUG c.e.employee.config.LoggingFilter - Header 'pragma' = no-cache
2026-05-18 23:17:57 [http-nio-8080-exec-2] DEBUG c.e.employee.config.LoggingFilter - Header 'sec-fetch-dest' = script
2026-05-18 23:17:57 [http-nio-8080-exec-6] DEBUG c.e.employee.config.LoggingFilter - Header 'cache-control' = no-cache
2026-05-18 23:17:57 [http-nio-8080-exec-4] DEBUG c.e.employee.config.LoggingFilter - Header 'sec-fetch-mode' = no-cors
2026-05-18 23:17:57 [http-nio-8080-exec-4] DEBUG c.e.employee.config.LoggingFilter - Header 'sec-fetch-site' = same-origin
2026-05-18 23:17:57 [http-nio-8080-exec-4] DEBUG c.e.employee.config.LoggingFilter - Header 'pragma' = no-cache
2026-05-18 23:17:57 [http-nio-8080-exec-4] DEBUG c.e.employee.config.LoggingFilter - Header 'cache-control' = no-cache
2026-05-18 23:17:57 [http-nio-8080-exec-2] DEBUG c.e.employee.config.LoggingFilter - Header 'sec-fetch-mode' = no-cors
2026-05-18 23:17:57 [http-nio-8080-exec-2] DEBUG c.e.employee.config.LoggingFilter - Header 'sec-fetch-site' = same-origin
2026-05-18 23:17:57 [http-nio-8080-exec-2] DEBUG c.e.employee.config.LoggingFilter - Header 'pragma' = no-cache
2026-05-18 23:17:57 [http-nio-8080-exec-2] DEBUG c.e.employee.config.LoggingFilter - Header 'cache-control' = no-cache
2026-05-18 23:17:57 [http-nio-8080-exec-8] INFO  c.e.employee.config.LoggingFilter - Response status: 200
2026-05-18 23:17:57 [http-nio-8080-exec-4] INFO  c.e.employee.config.LoggingFilter - Response status: 200
2026-05-18 23:17:57 [http-nio-8080-exec-6] INFO  c.e.employee.config.LoggingFilter - Response status: 200
2026-05-18 23:17:57 [http-nio-8080-exec-10] INFO  c.e.employee.config.LoggingFilter - Incoming request: GET /swagger-ui/swagger-ui.css
2026-05-18 23:17:57 [http-nio-8080-exec-7] INFO  c.e.employee.config.LoggingFilter - Incoming request: GET /swagger-ui/index.css
2026-05-18 23:17:57 [http-nio-8080-exec-10] DEBUG c.e.employee.config.LoggingFilter - Header 'host' = localhost:8080
2026-05-18 23:17:57 [http-nio-8080-exec-7] DEBUG c.e.employee.config.LoggingFilter - Header 'host' = localhost:8080
2026-05-18 23:17:57 [http-nio-8080-exec-10] DEBUG c.e.employee.config.LoggingFilter - Header 'user-agent' = Mozilla/5.0 (Windows NT 10.0; Win64; x64; rv:150.0) Gecko/20100101 Firefox/150.0
2026-05-18 23:17:57 [http-nio-8080-exec-7] DEBUG c.e.employee.config.LoggingFilter - Header 'user-agent' = Mozilla/5.0 (Windows NT 10.0; Win64; x64; rv:150.0) Gecko/20100101 Firefox/150.0
2026-05-18 23:17:57 [http-nio-8080-exec-10] DEBUG c.e.employee.config.LoggingFilter - Header 'accept' = text/css,*/*;q=0.1
2026-05-18 23:17:57 [http-nio-8080-exec-7] DEBUG c.e.employee.config.LoggingFilter - Header 'accept' = text/css,*/*;q=0.1
2026-05-18 23:17:57 [http-nio-8080-exec-10] DEBUG c.e.employee.config.LoggingFilter - Header 'accept-language' = es-MX,es;q=0.9,en-US;q=0.8,en;q=0.7
2026-05-18 23:17:57 [http-nio-8080-exec-10] DEBUG c.e.employee.config.LoggingFilter - Header 'accept-encoding' = gzip, deflate, br, zstd
2026-05-18 23:17:57 [http-nio-8080-exec-7] DEBUG c.e.employee.config.LoggingFilter - Header 'accept-language' = es-MX,es;q=0.9,en-US;q=0.8,en;q=0.7
2026-05-18 23:17:57 [http-nio-8080-exec-10] DEBUG c.e.employee.config.LoggingFilter - Header 'connection' = keep-alive
2026-05-18 23:17:57 [http-nio-8080-exec-7] DEBUG c.e.employee.config.LoggingFilter - Header 'accept-encoding' = gzip, deflate, br, zstd
2026-05-18 23:17:57 [http-nio-8080-exec-10] DEBUG c.e.employee.config.LoggingFilter - Header 'referer' = http://localhost:8080/swagger-ui/index.html
2026-05-18 23:17:57 [http-nio-8080-exec-7] DEBUG c.e.employee.config.LoggingFilter - Header 'connection' = keep-alive
2026-05-18 23:17:57 [http-nio-8080-exec-10] DEBUG c.e.employee.config.LoggingFilter - Header 'cookie' = JSESSIONID=595139CC24D11620FCCA29F5FB490534
2026-05-18 23:17:57 [http-nio-8080-exec-10] DEBUG c.e.employee.config.LoggingFilter - Header 'sec-fetch-dest' = style
2026-05-18 23:17:57 [http-nio-8080-exec-7] DEBUG c.e.employee.config.LoggingFilter - Header 'referer' = http://localhost:8080/swagger-ui/index.html
2026-05-18 23:17:57 [http-nio-8080-exec-10] DEBUG c.e.employee.config.LoggingFilter - Header 'sec-fetch-mode' = no-cors
2026-05-18 23:17:57 [http-nio-8080-exec-7] DEBUG c.e.employee.config.LoggingFilter - Header 'cookie' = JSESSIONID=595139CC24D11620FCCA29F5FB490534
2026-05-18 23:17:57 [http-nio-8080-exec-10] DEBUG c.e.employee.config.LoggingFilter - Header 'sec-fetch-site' = same-origin
2026-05-18 23:17:57 [http-nio-8080-exec-7] DEBUG c.e.employee.config.LoggingFilter - Header 'sec-fetch-dest' = style
2026-05-18 23:17:57 [http-nio-8080-exec-10] DEBUG c.e.employee.config.LoggingFilter - Header 'priority' = u=2
2026-05-18 23:17:57 [http-nio-8080-exec-7] DEBUG c.e.employee.config.LoggingFilter - Header 'sec-fetch-mode' = no-cors
2026-05-18 23:17:57 [http-nio-8080-exec-10] DEBUG c.e.employee.config.LoggingFilter - Header 'pragma' = no-cache
2026-05-18 23:17:57 [http-nio-8080-exec-10] DEBUG c.e.employee.config.LoggingFilter - Header 'cache-control' = no-cache
2026-05-18 23:17:57 [http-nio-8080-exec-7] DEBUG c.e.employee.config.LoggingFilter - Header 'sec-fetch-site' = same-origin
2026-05-18 23:17:57 [http-nio-8080-exec-7] DEBUG c.e.employee.config.LoggingFilter - Header 'priority' = u=2
2026-05-18 23:17:57 [http-nio-8080-exec-5] INFO  c.e.employee.config.LoggingFilter - Incoming request: GET /swagger-ui/swagger-ui-standalone-preset.js
2026-05-18 23:17:57 [http-nio-8080-exec-1] INFO  c.e.employee.config.LoggingFilter - Incoming request: GET /swagger-ui/swagger-ui-bundle.js
2026-05-18 23:17:57 [http-nio-8080-exec-7] DEBUG c.e.employee.config.LoggingFilter - Header 'pragma' = no-cache
2026-05-18 23:17:57 [http-nio-8080-exec-3] INFO  c.e.employee.config.LoggingFilter - Incoming request: GET /swagger-ui/swagger-initializer.js
2026-05-18 23:17:57 [http-nio-8080-exec-1] DEBUG c.e.employee.config.LoggingFilter - Header 'host' = localhost:8080
2026-05-18 23:17:57 [http-nio-8080-exec-5] DEBUG c.e.employee.config.LoggingFilter - Header 'host' = localhost:8080
2026-05-18 23:17:57 [http-nio-8080-exec-7] DEBUG c.e.employee.config.LoggingFilter - Header 'cache-control' = no-cache
2026-05-18 23:17:57 [http-nio-8080-exec-5] DEBUG c.e.employee.config.LoggingFilter - Header 'user-agent' = Mozilla/5.0 (Windows NT 10.0; Win64; x64; rv:150.0) Gecko/20100101 Firefox/150.0
2026-05-18 23:17:57 [http-nio-8080-exec-3] DEBUG c.e.employee.config.LoggingFilter - Header 'host' = localhost:8080
2026-05-18 23:17:57 [http-nio-8080-exec-1] DEBUG c.e.employee.config.LoggingFilter - Header 'user-agent' = Mozilla/5.0 (Windows NT 10.0; Win64; x64; rv:150.0) Gecko/20100101 Firefox/150.0
2026-05-18 23:17:57 [http-nio-8080-exec-5] DEBUG c.e.employee.config.LoggingFilter - Header 'accept' = */*
2026-05-18 23:17:57 [http-nio-8080-exec-3] DEBUG c.e.employee.config.LoggingFilter - Header 'user-agent' = Mozilla/5.0 (Windows NT 10.0; Win64; x64; rv:150.0) Gecko/20100101 Firefox/150.0
2026-05-18 23:17:57 [http-nio-8080-exec-1] DEBUG c.e.employee.config.LoggingFilter - Header 'accept' = */*
2026-05-18 23:17:57 [http-nio-8080-exec-5] DEBUG c.e.employee.config.LoggingFilter - Header 'accept-language' = es-MX,es;q=0.9,en-US;q=0.8,en;q=0.7
2026-05-18 23:17:57 [http-nio-8080-exec-1] DEBUG c.e.employee.config.LoggingFilter - Header 'accept-language' = es-MX,es;q=0.9,en-US;q=0.8,en;q=0.7
2026-05-18 23:17:57 [http-nio-8080-exec-3] DEBUG c.e.employee.config.LoggingFilter - Header 'accept' = */*
2026-05-18 23:17:57 [http-nio-8080-exec-5] DEBUG c.e.employee.config.LoggingFilter - Header 'accept-encoding' = gzip, deflate, br, zstd
2026-05-18 23:17:57 [http-nio-8080-exec-1] DEBUG c.e.employee.config.LoggingFilter - Header 'accept-encoding' = gzip, deflate, br, zstd
2026-05-18 23:17:57 [http-nio-8080-exec-3] DEBUG c.e.employee.config.LoggingFilter - Header 'accept-language' = es-MX,es;q=0.9,en-US;q=0.8,en;q=0.7
2026-05-18 23:17:57 [http-nio-8080-exec-3] DEBUG c.e.employee.config.LoggingFilter - Header 'accept-encoding' = gzip, deflate, br, zstd
2026-05-18 23:17:57 [http-nio-8080-exec-5] DEBUG c.e.employee.config.LoggingFilter - Header 'connection' = keep-alive
2026-05-18 23:17:57 [http-nio-8080-exec-1] DEBUG c.e.employee.config.LoggingFilter - Header 'connection' = keep-alive
2026-05-18 23:17:57 [http-nio-8080-exec-3] DEBUG c.e.employee.config.LoggingFilter - Header 'connection' = keep-alive
2026-05-18 23:17:57 [http-nio-8080-exec-1] DEBUG c.e.employee.config.LoggingFilter - Header 'referer' = http://localhost:8080/swagger-ui/index.html
2026-05-18 23:17:57 [http-nio-8080-exec-5] DEBUG c.e.employee.config.LoggingFilter - Header 'referer' = http://localhost:8080/swagger-ui/index.html
2026-05-18 23:17:57 [http-nio-8080-exec-5] DEBUG c.e.employee.config.LoggingFilter - Header 'cookie' = JSESSIONID=595139CC24D11620FCCA29F5FB490534
2026-05-18 23:17:57 [http-nio-8080-exec-3] DEBUG c.e.employee.config.LoggingFilter - Header 'referer' = http://localhost:8080/swagger-ui/index.html
2026-05-18 23:17:57 [http-nio-8080-exec-1] DEBUG c.e.employee.config.LoggingFilter - Header 'cookie' = JSESSIONID=595139CC24D11620FCCA29F5FB490534
2026-05-18 23:17:57 [http-nio-8080-exec-5] DEBUG c.e.employee.config.LoggingFilter - Header 'sec-fetch-dest' = script
2026-05-18 23:17:57 [http-nio-8080-exec-1] DEBUG c.e.employee.config.LoggingFilter - Header 'sec-fetch-dest' = script
2026-05-18 23:17:57 [http-nio-8080-exec-3] DEBUG c.e.employee.config.LoggingFilter - Header 'cookie' = JSESSIONID=595139CC24D11620FCCA29F5FB490534
2026-05-18 23:17:57 [http-nio-8080-exec-1] DEBUG c.e.employee.config.LoggingFilter - Header 'sec-fetch-mode' = no-cors
2026-05-18 23:17:57 [http-nio-8080-exec-5] DEBUG c.e.employee.config.LoggingFilter - Header 'sec-fetch-mode' = no-cors
2026-05-18 23:17:57 [http-nio-8080-exec-1] DEBUG c.e.employee.config.LoggingFilter - Header 'sec-fetch-site' = same-origin
2026-05-18 23:17:57 [http-nio-8080-exec-5] DEBUG c.e.employee.config.LoggingFilter - Header 'sec-fetch-site' = same-origin
2026-05-18 23:17:57 [http-nio-8080-exec-1] DEBUG c.e.employee.config.LoggingFilter - Header 'pragma' = no-cache
2026-05-18 23:17:57 [http-nio-8080-exec-3] DEBUG c.e.employee.config.LoggingFilter - Header 'sec-fetch-dest' = script
2026-05-18 23:17:57 [http-nio-8080-exec-5] DEBUG c.e.employee.config.LoggingFilter - Header 'pragma' = no-cache
2026-05-18 23:17:57 [http-nio-8080-exec-3] DEBUG c.e.employee.config.LoggingFilter - Header 'sec-fetch-mode' = no-cors
2026-05-18 23:17:57 [http-nio-8080-exec-5] DEBUG c.e.employee.config.LoggingFilter - Header 'cache-control' = no-cache
2026-05-18 23:17:57 [http-nio-8080-exec-3] DEBUG c.e.employee.config.LoggingFilter - Header 'sec-fetch-site' = same-origin
2026-05-18 23:17:57 [http-nio-8080-exec-3] DEBUG c.e.employee.config.LoggingFilter - Header 'pragma' = no-cache
2026-05-18 23:17:57 [http-nio-8080-exec-1] DEBUG c.e.employee.config.LoggingFilter - Header 'cache-control' = no-cache
2026-05-18 23:17:57 [http-nio-8080-exec-3] DEBUG c.e.employee.config.LoggingFilter - Header 'cache-control' = no-cache
2026-05-18 23:17:57 [http-nio-8080-exec-7] INFO  c.e.employee.config.LoggingFilter - Response status: 200
2026-05-18 23:17:57 [http-nio-8080-exec-3] INFO  c.e.employee.config.LoggingFilter - Response status: 200
2026-05-18 23:17:57 [http-nio-8080-exec-10] INFO  c.e.employee.config.LoggingFilter - Response status: 200
2026-05-18 23:17:57 [http-nio-8080-exec-5] INFO  c.e.employee.config.LoggingFilter - Response status: 200
2026-05-18 23:17:57 [http-nio-8080-exec-1] INFO  c.e.employee.config.LoggingFilter - Response status: 200
2026-05-18 23:17:57 [http-nio-8080-exec-8] INFO  c.e.employee.config.LoggingFilter - Incoming request: GET /v3/api-docs/swagger-config
2026-05-18 23:17:57 [http-nio-8080-exec-8] DEBUG c.e.employee.config.LoggingFilter - Header 'host' = localhost:8080
2026-05-18 23:17:57 [http-nio-8080-exec-8] DEBUG c.e.employee.config.LoggingFilter - Header 'user-agent' = Mozilla/5.0 (Windows NT 10.0; Win64; x64; rv:150.0) Gecko/20100101 Firefox/150.0
2026-05-18 23:17:57 [http-nio-8080-exec-8] DEBUG c.e.employee.config.LoggingFilter - Header 'accept' = */*
2026-05-18 23:17:57 [http-nio-8080-exec-8] DEBUG c.e.employee.config.LoggingFilter - Header 'accept-language' = es-MX,es;q=0.9,en-US;q=0.8,en;q=0.7
2026-05-18 23:17:57 [http-nio-8080-exec-8] DEBUG c.e.employee.config.LoggingFilter - Header 'accept-encoding' = gzip, deflate, br, zstd
2026-05-18 23:17:57 [http-nio-8080-exec-8] DEBUG c.e.employee.config.LoggingFilter - Header 'referer' = http://localhost:8080/swagger-ui/index.html
2026-05-18 23:17:57 [http-nio-8080-exec-8] DEBUG c.e.employee.config.LoggingFilter - Header 'connection' = keep-alive
2026-05-18 23:17:57 [http-nio-8080-exec-8] DEBUG c.e.employee.config.LoggingFilter - Header 'cookie' = JSESSIONID=595139CC24D11620FCCA29F5FB490534
2026-05-18 23:17:57 [http-nio-8080-exec-8] DEBUG c.e.employee.config.LoggingFilter - Header 'sec-fetch-dest' = empty
2026-05-18 23:17:57 [http-nio-8080-exec-8] DEBUG c.e.employee.config.LoggingFilter - Header 'sec-fetch-mode' = cors
2026-05-18 23:17:57 [http-nio-8080-exec-8] DEBUG c.e.employee.config.LoggingFilter - Header 'sec-fetch-site' = same-origin
2026-05-18 23:17:57 [http-nio-8080-exec-8] DEBUG c.e.employee.config.LoggingFilter - Header 'priority' = u=4
2026-05-18 23:17:57 [http-nio-8080-exec-8] INFO  c.e.employee.config.LoggingFilter - Response status: 200
2026-05-18 23:17:57 [http-nio-8080-exec-9] INFO  c.e.employee.config.LoggingFilter - Incoming request: GET /swagger-ui/favicon-32x32.png
2026-05-18 23:17:57 [http-nio-8080-exec-9] DEBUG c.e.employee.config.LoggingFilter - Header 'host' = localhost:8080
2026-05-18 23:17:57 [http-nio-8080-exec-9] DEBUG c.e.employee.config.LoggingFilter - Header 'user-agent' = Mozilla/5.0 (Windows NT 10.0; Win64; x64; rv:150.0) Gecko/20100101 Firefox/150.0
2026-05-18 23:17:57 [http-nio-8080-exec-9] DEBUG c.e.employee.config.LoggingFilter - Header 'accept' = image/avif,image/webp,image/png,image/svg+xml,image/*;q=0.8,*/*;q=0.5
2026-05-18 23:17:57 [http-nio-8080-exec-9] DEBUG c.e.employee.config.LoggingFilter - Header 'accept-language' = es-MX,es;q=0.9,en-US;q=0.8,en;q=0.7
2026-05-18 23:17:57 [http-nio-8080-exec-9] DEBUG c.e.employee.config.LoggingFilter - Header 'accept-encoding' = gzip, deflate, br, zstd
2026-05-18 23:17:57 [http-nio-8080-exec-9] DEBUG c.e.employee.config.LoggingFilter - Header 'connection' = keep-alive
2026-05-18 23:17:57 [http-nio-8080-exec-9] DEBUG c.e.employee.config.LoggingFilter - Header 'referer' = http://localhost:8080/swagger-ui/index.html
2026-05-18 23:17:57 [http-nio-8080-exec-9] DEBUG c.e.employee.config.LoggingFilter - Header 'cookie' = JSESSIONID=595139CC24D11620FCCA29F5FB490534
2026-05-18 23:17:57 [http-nio-8080-exec-9] DEBUG c.e.employee.config.LoggingFilter - Header 'sec-fetch-dest' = image
2026-05-18 23:17:57 [http-nio-8080-exec-9] DEBUG c.e.employee.config.LoggingFilter - Header 'sec-fetch-mode' = no-cors
2026-05-18 23:17:57 [http-nio-8080-exec-9] DEBUG c.e.employee.config.LoggingFilter - Header 'sec-fetch-site' = same-origin
2026-05-18 23:17:57 [http-nio-8080-exec-9] DEBUG c.e.employee.config.LoggingFilter - Header 'priority' = u=6
2026-05-18 23:17:57 [http-nio-8080-exec-9] DEBUG c.e.employee.config.LoggingFilter - Header 'pragma' = no-cache
2026-05-18 23:17:57 [http-nio-8080-exec-9] DEBUG c.e.employee.config.LoggingFilter - Header 'cache-control' = no-cache
2026-05-18 23:17:57 [http-nio-8080-exec-9] INFO  c.e.employee.config.LoggingFilter - Response status: 200
2026-05-18 23:17:57 [http-nio-8080-exec-4] INFO  c.e.employee.config.LoggingFilter - Incoming request: GET /v3/api-docs
2026-05-18 23:17:57 [http-nio-8080-exec-4] DEBUG c.e.employee.config.LoggingFilter - Header 'host' = localhost:8080
2026-05-18 23:17:57 [http-nio-8080-exec-4] DEBUG c.e.employee.config.LoggingFilter - Header 'user-agent' = Mozilla/5.0 (Windows NT 10.0; Win64; x64; rv:150.0) Gecko/20100101 Firefox/150.0
2026-05-18 23:17:57 [http-nio-8080-exec-4] DEBUG c.e.employee.config.LoggingFilter - Header 'accept' = application/json,*/*
2026-05-18 23:17:57 [http-nio-8080-exec-4] DEBUG c.e.employee.config.LoggingFilter - Header 'accept-language' = es-MX,es;q=0.9,en-US;q=0.8,en;q=0.7
2026-05-18 23:17:57 [http-nio-8080-exec-4] DEBUG c.e.employee.config.LoggingFilter - Header 'accept-encoding' = gzip, deflate, br, zstd
2026-05-18 23:17:57 [http-nio-8080-exec-4] DEBUG c.e.employee.config.LoggingFilter - Header 'referer' = http://localhost:8080/swagger-ui/index.html
2026-05-18 23:17:57 [http-nio-8080-exec-4] DEBUG c.e.employee.config.LoggingFilter - Header 'connection' = keep-alive
2026-05-18 23:17:57 [http-nio-8080-exec-4] DEBUG c.e.employee.config.LoggingFilter - Header 'cookie' = JSESSIONID=595139CC24D11620FCCA29F5FB490534
2026-05-18 23:17:57 [http-nio-8080-exec-4] DEBUG c.e.employee.config.LoggingFilter - Header 'sec-fetch-dest' = empty
2026-05-18 23:17:57 [http-nio-8080-exec-4] DEBUG c.e.employee.config.LoggingFilter - Header 'sec-fetch-mode' = cors
2026-05-18 23:17:57 [http-nio-8080-exec-4] DEBUG c.e.employee.config.LoggingFilter - Header 'sec-fetch-site' = same-origin
2026-05-18 23:17:57 [http-nio-8080-exec-4] DEBUG c.e.employee.config.LoggingFilter - Header 'priority' = u=4
2026-05-18 23:17:57 [http-nio-8080-exec-4] INFO  c.e.employee.config.LoggingFilter - Response status: 200
2026-05-18 23:19:03 [SpringApplicationShutdownHook] INFO  o.s.o.j.LocalContainerEntityManagerFactoryBean - Closing JPA EntityManagerFactory for persistence unit 'default'
2026-05-18 23:19:03 [SpringApplicationShutdownHook] INFO  com.zaxxer.hikari.HikariDataSource - HikariPool-1 - Shutdown initiated...
2026-05-18 23:19:04 [SpringApplicationShutdownHook] INFO  com.zaxxer.hikari.HikariDataSource - HikariPool-1 - Shutdown completed.
2026-05-18 23:20:53 [main] INFO  c.e.e.EmployeeServiceApplication - Starting EmployeeServiceApplication using Java 17.0.19 on K0771N_LENOVOI5 with PID 15128 (C:\Users\MARCO\IdeaProjects\employee-service\build\classes\java\main started by MARCO in C:\Users\MARCO\IdeaProjects\employee-service)
2026-05-18 23:20:53 [main] DEBUG c.e.e.EmployeeServiceApplication - Running with Spring Boot v2.7.18, Spring v5.3.31
2026-05-18 23:20:53 [main] INFO  c.e.e.EmployeeServiceApplication - The following 1 profile is active: "dev"
2026-05-18 23:20:54 [main] INFO  o.s.d.r.c.RepositoryConfigurationDelegate - Bootstrapping Spring Data JPA repositories in DEFAULT mode.
2026-05-18 23:20:54 [main] INFO  o.s.d.r.c.RepositoryConfigurationDelegate - Finished Spring Data repository scanning in 25 ms. Found 1 JPA repository interfaces.
2026-05-18 23:20:54 [main] INFO  o.s.b.w.e.tomcat.TomcatWebServer - Tomcat initialized with port(s): 8080 (http)
2026-05-18 23:20:54 [main] INFO  o.a.catalina.core.StandardService - Starting service [Tomcat]
2026-05-18 23:20:54 [main] INFO  o.a.catalina.core.StandardEngine - Starting Servlet engine: [Apache Tomcat/9.0.83]
2026-05-18 23:20:54 [main] INFO  o.a.c.c.C.[Tomcat].[localhost].[/] - Initializing Spring embedded WebApplicationContext
2026-05-18 23:20:54 [main] INFO  o.s.b.w.s.c.ServletWebServerApplicationContext - Root WebApplicationContext: initialization completed in 955 ms
2026-05-18 23:20:54 [main] DEBUG c.e.employee.config.LoggingFilter - Filter 'loggingFilter' configured for use
2026-05-18 23:20:54 [main] INFO  o.h.jpa.internal.util.LogHelper - HHH000204: Processing PersistenceUnitInfo [name: default]
2026-05-18 23:20:54 [main] INFO  org.hibernate.Version - HHH000412: Hibernate ORM core version 5.6.15.Final
2026-05-18 23:20:55 [main] INFO  o.h.annotations.common.Version - HCANN000001: Hibernate Commons Annotations {5.1.2.Final}
2026-05-18 23:20:55 [main] INFO  com.zaxxer.hikari.HikariDataSource - HikariPool-1 - Starting...
2026-05-18 23:20:56 [main] INFO  com.zaxxer.hikari.HikariDataSource - HikariPool-1 - Start completed.
2026-05-18 23:20:56 [main] INFO  org.hibernate.dialect.Dialect - HHH000400: Using dialect: org.hibernate.dialect.MySQL8Dialect
2026-05-18 23:20:56 [main] INFO  o.h.e.t.j.p.i.JtaPlatformInitiator - HHH000490: Using JtaPlatform implementation: [org.hibernate.engine.transaction.jta.platform.internal.NoJtaPlatform]
2026-05-18 23:20:56 [main] INFO  o.s.o.j.LocalContainerEntityManagerFactoryBean - Initialized JPA EntityManagerFactory for persistence unit 'default'
2026-05-18 23:20:57 [main] INFO  o.s.s.web.DefaultSecurityFilterChain - Will secure any request with [org.springframework.security.web.session.DisableEncodeUrlFilter@6094ad4, org.springframework.security.web.context.request.async.WebAsyncManagerIntegrationFilter@3986b9e9, org.springframework.security.web.context.SecurityContextPersistenceFilter@712594f4, org.springframework.security.web.header.HeaderWriterFilter@25c06894, org.springframework.security.web.authentication.logout.LogoutFilter@3182143c, org.springframework.security.web.authentication.www.BasicAuthenticationFilter@56ed2baf, org.springframework.security.web.savedrequest.RequestCacheAwareFilter@7f6a6d46, org.springframework.security.web.servletapi.SecurityContextHolderAwareRequestFilter@238a7e3d, org.springframework.security.web.authentication.AnonymousAuthenticationFilter@6ddbbfbb, org.springframework.security.web.session.SessionManagementFilter@c19bb2a, org.springframework.security.web.access.ExceptionTranslationFilter@b272860, org.springframework.security.web.access.intercept.FilterSecurityInterceptor@426bf2f2]
2026-05-18 23:20:57 [main] WARN  o.s.b.a.o.j.JpaBaseConfiguration$JpaWebConfiguration - spring.jpa.open-in-view is enabled by default. Therefore, database queries may be performed during view rendering. Explicitly configure spring.jpa.open-in-view to disable this warning
2026-05-18 23:20:57 [main] INFO  o.s.b.a.e.web.EndpointLinksResolver - Exposing 2 endpoint(s) beneath base path '/actuator'
2026-05-18 23:20:57 [main] INFO  o.s.b.w.e.tomcat.TomcatWebServer - Tomcat started on port(s): 8080 (http) with context path ''
2026-05-18 23:20:57 [main] INFO  c.e.e.EmployeeServiceApplication - Started EmployeeServiceApplication in 4.237 seconds (JVM running for 4.573)
2026-05-18 23:20:58 [RMI TCP Connection(1)-192.168.1.123] INFO  o.a.c.c.C.[Tomcat].[localhost].[/] - Initializing Spring DispatcherServlet 'dispatcherServlet'
2026-05-18 23:20:58 [RMI TCP Connection(1)-192.168.1.123] INFO  o.s.web.servlet.DispatcherServlet - Initializing Servlet 'dispatcherServlet'
2026-05-18 23:20:58 [RMI TCP Connection(1)-192.168.1.123] INFO  o.s.web.servlet.DispatcherServlet - Completed initialization in 1 ms
2026-05-18 23:21:03 [http-nio-8080-exec-1] INFO  c.e.employee.config.LoggingFilter - Incoming request: GET /swagger-ui/index.html
2026-05-18 23:21:03 [http-nio-8080-exec-1] DEBUG c.e.employee.config.LoggingFilter - Header 'host' = localhost:8080
2026-05-18 23:21:03 [http-nio-8080-exec-1] DEBUG c.e.employee.config.LoggingFilter - Header 'user-agent' = Mozilla/5.0 (Windows NT 10.0; Win64; x64; rv:150.0) Gecko/20100101 Firefox/150.0
2026-05-18 23:21:03 [http-nio-8080-exec-1] DEBUG c.e.employee.config.LoggingFilter - Header 'accept' = text/html,application/xhtml+xml,application/xml;q=0.9,*/*;q=0.8
2026-05-18 23:21:03 [http-nio-8080-exec-1] DEBUG c.e.employee.config.LoggingFilter - Header 'accept-language' = es-MX,es;q=0.9,en-US;q=0.8,en;q=0.7
2026-05-18 23:21:03 [http-nio-8080-exec-1] DEBUG c.e.employee.config.LoggingFilter - Header 'accept-encoding' = gzip, deflate, br, zstd
2026-05-18 23:21:03 [http-nio-8080-exec-1] DEBUG c.e.employee.config.LoggingFilter - Header 'connection' = keep-alive
2026-05-18 23:21:03 [http-nio-8080-exec-1] DEBUG c.e.employee.config.LoggingFilter - Header 'cookie' = JSESSIONID=595139CC24D11620FCCA29F5FB490534
2026-05-18 23:21:03 [http-nio-8080-exec-1] DEBUG c.e.employee.config.LoggingFilter - Header 'upgrade-insecure-requests' = 1
2026-05-18 23:21:03 [http-nio-8080-exec-1] DEBUG c.e.employee.config.LoggingFilter - Header 'sec-fetch-dest' = document
2026-05-18 23:21:03 [http-nio-8080-exec-1] DEBUG c.e.employee.config.LoggingFilter - Header 'sec-fetch-mode' = navigate
2026-05-18 23:21:03 [http-nio-8080-exec-1] DEBUG c.e.employee.config.LoggingFilter - Header 'sec-fetch-site' = none
2026-05-18 23:21:03 [http-nio-8080-exec-1] DEBUG c.e.employee.config.LoggingFilter - Header 'sec-fetch-user' = ?1
2026-05-18 23:21:03 [http-nio-8080-exec-1] DEBUG c.e.employee.config.LoggingFilter - Header 'priority' = u=0, i
2026-05-18 23:21:03 [http-nio-8080-exec-1] DEBUG c.e.employee.config.LoggingFilter - Header 'pragma' = no-cache
2026-05-18 23:21:03 [http-nio-8080-exec-1] DEBUG c.e.employee.config.LoggingFilter - Header 'cache-control' = no-cache
2026-05-18 23:21:03 [http-nio-8080-exec-1] INFO  c.e.employee.config.LoggingFilter - Response status: 200
2026-05-18 23:21:03 [http-nio-8080-exec-5] INFO  c.e.employee.config.LoggingFilter - Incoming request: GET /swagger-ui/swagger-ui.css
2026-05-18 23:21:03 [http-nio-8080-exec-8] INFO  c.e.employee.config.LoggingFilter - Incoming request: GET /swagger-ui/index.css
2026-05-18 23:21:03 [http-nio-8080-exec-5] DEBUG c.e.employee.config.LoggingFilter - Header 'host' = localhost:8080
2026-05-18 23:21:03 [http-nio-8080-exec-5] DEBUG c.e.employee.config.LoggingFilter - Header 'user-agent' = Mozilla/5.0 (Windows NT 10.0; Win64; x64; rv:150.0) Gecko/20100101 Firefox/150.0
2026-05-18 23:21:03 [http-nio-8080-exec-5] DEBUG c.e.employee.config.LoggingFilter - Header 'accept' = text/css,*/*;q=0.1
2026-05-18 23:21:03 [http-nio-8080-exec-5] DEBUG c.e.employee.config.LoggingFilter - Header 'accept-language' = es-MX,es;q=0.9,en-US;q=0.8,en;q=0.7
2026-05-18 23:21:03 [http-nio-8080-exec-5] DEBUG c.e.employee.config.LoggingFilter - Header 'accept-encoding' = gzip, deflate, br, zstd
2026-05-18 23:21:03 [http-nio-8080-exec-5] DEBUG c.e.employee.config.LoggingFilter - Header 'connection' = keep-alive
2026-05-18 23:21:03 [http-nio-8080-exec-5] DEBUG c.e.employee.config.LoggingFilter - Header 'referer' = http://localhost:8080/swagger-ui/index.html
2026-05-18 23:21:03 [http-nio-8080-exec-5] DEBUG c.e.employee.config.LoggingFilter - Header 'cookie' = JSESSIONID=595139CC24D11620FCCA29F5FB490534
2026-05-18 23:21:03 [http-nio-8080-exec-5] DEBUG c.e.employee.config.LoggingFilter - Header 'sec-fetch-dest' = style
2026-05-18 23:21:03 [http-nio-8080-exec-5] DEBUG c.e.employee.config.LoggingFilter - Header 'sec-fetch-mode' = no-cors
2026-05-18 23:21:03 [http-nio-8080-exec-5] DEBUG c.e.employee.config.LoggingFilter - Header 'sec-fetch-site' = same-origin
2026-05-18 23:21:03 [http-nio-8080-exec-5] DEBUG c.e.employee.config.LoggingFilter - Header 'priority' = u=2
2026-05-18 23:21:03 [http-nio-8080-exec-5] DEBUG c.e.employee.config.LoggingFilter - Header 'pragma' = no-cache
2026-05-18 23:21:03 [http-nio-8080-exec-8] DEBUG c.e.employee.config.LoggingFilter - Header 'host' = localhost:8080
2026-05-18 23:21:03 [http-nio-8080-exec-7] INFO  c.e.employee.config.LoggingFilter - Incoming request: GET /swagger-ui/swagger-initializer.js
2026-05-18 23:21:03 [http-nio-8080-exec-5] DEBUG c.e.employee.config.LoggingFilter - Header 'cache-control' = no-cache
2026-05-18 23:21:03 [http-nio-8080-exec-8] DEBUG c.e.employee.config.LoggingFilter - Header 'user-agent' = Mozilla/5.0 (Windows NT 10.0; Win64; x64; rv:150.0) Gecko/20100101 Firefox/150.0
2026-05-18 23:21:03 [http-nio-8080-exec-7] DEBUG c.e.employee.config.LoggingFilter - Header 'host' = localhost:8080
2026-05-18 23:21:03 [http-nio-8080-exec-10] INFO  c.e.employee.config.LoggingFilter - Incoming request: GET /swagger-ui/swagger-ui-bundle.js
2026-05-18 23:21:03 [http-nio-8080-exec-6] INFO  c.e.employee.config.LoggingFilter - Incoming request: GET /swagger-ui/swagger-ui-standalone-preset.js
2026-05-18 23:21:03 [http-nio-8080-exec-10] DEBUG c.e.employee.config.LoggingFilter - Header 'host' = localhost:8080
2026-05-18 23:21:03 [http-nio-8080-exec-6] DEBUG c.e.employee.config.LoggingFilter - Header 'host' = localhost:8080
2026-05-18 23:21:03 [http-nio-8080-exec-7] DEBUG c.e.employee.config.LoggingFilter - Header 'user-agent' = Mozilla/5.0 (Windows NT 10.0; Win64; x64; rv:150.0) Gecko/20100101 Firefox/150.0
2026-05-18 23:21:03 [http-nio-8080-exec-8] DEBUG c.e.employee.config.LoggingFilter - Header 'accept' = text/css,*/*;q=0.1
2026-05-18 23:21:03 [http-nio-8080-exec-10] DEBUG c.e.employee.config.LoggingFilter - Header 'user-agent' = Mozilla/5.0 (Windows NT 10.0; Win64; x64; rv:150.0) Gecko/20100101 Firefox/150.0
2026-05-18 23:21:03 [http-nio-8080-exec-8] DEBUG c.e.employee.config.LoggingFilter - Header 'accept-language' = es-MX,es;q=0.9,en-US;q=0.8,en;q=0.7
2026-05-18 23:21:03 [http-nio-8080-exec-8] DEBUG c.e.employee.config.LoggingFilter - Header 'accept-encoding' = gzip, deflate, br, zstd
2026-05-18 23:21:03 [http-nio-8080-exec-7] DEBUG c.e.employee.config.LoggingFilter - Header 'accept' = */*
2026-05-18 23:21:03 [http-nio-8080-exec-6] DEBUG c.e.employee.config.LoggingFilter - Header 'user-agent' = Mozilla/5.0 (Windows NT 10.0; Win64; x64; rv:150.0) Gecko/20100101 Firefox/150.0
2026-05-18 23:21:03 [http-nio-8080-exec-8] DEBUG c.e.employee.config.LoggingFilter - Header 'connection' = keep-alive
2026-05-18 23:21:03 [http-nio-8080-exec-10] DEBUG c.e.employee.config.LoggingFilter - Header 'accept' = */*
2026-05-18 23:21:03 [http-nio-8080-exec-7] DEBUG c.e.employee.config.LoggingFilter - Header 'accept-language' = es-MX,es;q=0.9,en-US;q=0.8,en;q=0.7
2026-05-18 23:21:03 [http-nio-8080-exec-8] DEBUG c.e.employee.config.LoggingFilter - Header 'referer' = http://localhost:8080/swagger-ui/index.html
2026-05-18 23:21:03 [http-nio-8080-exec-7] DEBUG c.e.employee.config.LoggingFilter - Header 'accept-encoding' = gzip, deflate, br, zstd
2026-05-18 23:21:03 [http-nio-8080-exec-10] DEBUG c.e.employee.config.LoggingFilter - Header 'accept-language' = es-MX,es;q=0.9,en-US;q=0.8,en;q=0.7
2026-05-18 23:21:03 [http-nio-8080-exec-7] DEBUG c.e.employee.config.LoggingFilter - Header 'connection' = keep-alive
2026-05-18 23:21:03 [http-nio-8080-exec-8] DEBUG c.e.employee.config.LoggingFilter - Header 'cookie' = JSESSIONID=595139CC24D11620FCCA29F5FB490534
2026-05-18 23:21:03 [http-nio-8080-exec-7] DEBUG c.e.employee.config.LoggingFilter - Header 'referer' = http://localhost:8080/swagger-ui/index.html
2026-05-18 23:21:03 [http-nio-8080-exec-6] DEBUG c.e.employee.config.LoggingFilter - Header 'accept' = */*
2026-05-18 23:21:03 [http-nio-8080-exec-10] DEBUG c.e.employee.config.LoggingFilter - Header 'accept-encoding' = gzip, deflate, br, zstd
2026-05-18 23:21:03 [http-nio-8080-exec-7] DEBUG c.e.employee.config.LoggingFilter - Header 'cookie' = JSESSIONID=595139CC24D11620FCCA29F5FB490534
2026-05-18 23:21:03 [http-nio-8080-exec-10] DEBUG c.e.employee.config.LoggingFilter - Header 'connection' = keep-alive
2026-05-18 23:21:03 [http-nio-8080-exec-8] DEBUG c.e.employee.config.LoggingFilter - Header 'sec-fetch-dest' = style
2026-05-18 23:21:03 [http-nio-8080-exec-7] DEBUG c.e.employee.config.LoggingFilter - Header 'sec-fetch-dest' = script
2026-05-18 23:21:03 [http-nio-8080-exec-8] DEBUG c.e.employee.config.LoggingFilter - Header 'sec-fetch-mode' = no-cors
2026-05-18 23:21:03 [http-nio-8080-exec-7] DEBUG c.e.employee.config.LoggingFilter - Header 'sec-fetch-mode' = no-cors
2026-05-18 23:21:03 [http-nio-8080-exec-6] DEBUG c.e.employee.config.LoggingFilter - Header 'accept-language' = es-MX,es;q=0.9,en-US;q=0.8,en;q=0.7
2026-05-18 23:21:03 [http-nio-8080-exec-8] DEBUG c.e.employee.config.LoggingFilter - Header 'sec-fetch-site' = same-origin
2026-05-18 23:21:03 [http-nio-8080-exec-7] DEBUG c.e.employee.config.LoggingFilter - Header 'sec-fetch-site' = same-origin
2026-05-18 23:21:03 [http-nio-8080-exec-6] DEBUG c.e.employee.config.LoggingFilter - Header 'accept-encoding' = gzip, deflate, br, zstd
2026-05-18 23:21:03 [http-nio-8080-exec-8] DEBUG c.e.employee.config.LoggingFilter - Header 'priority' = u=2
2026-05-18 23:21:03 [http-nio-8080-exec-7] DEBUG c.e.employee.config.LoggingFilter - Header 'pragma' = no-cache
2026-05-18 23:21:03 [http-nio-8080-exec-6] DEBUG c.e.employee.config.LoggingFilter - Header 'connection' = keep-alive
2026-05-18 23:21:03 [http-nio-8080-exec-10] DEBUG c.e.employee.config.LoggingFilter - Header 'referer' = http://localhost:8080/swagger-ui/index.html
2026-05-18 23:21:03 [http-nio-8080-exec-7] DEBUG c.e.employee.config.LoggingFilter - Header 'cache-control' = no-cache
2026-05-18 23:21:03 [http-nio-8080-exec-6] DEBUG c.e.employee.config.LoggingFilter - Header 'referer' = http://localhost:8080/swagger-ui/index.html
2026-05-18 23:21:03 [http-nio-8080-exec-10] DEBUG c.e.employee.config.LoggingFilter - Header 'cookie' = JSESSIONID=595139CC24D11620FCCA29F5FB490534
2026-05-18 23:21:03 [http-nio-8080-exec-8] DEBUG c.e.employee.config.LoggingFilter - Header 'pragma' = no-cache
2026-05-18 23:21:03 [http-nio-8080-exec-8] DEBUG c.e.employee.config.LoggingFilter - Header 'cache-control' = no-cache
2026-05-18 23:21:03 [http-nio-8080-exec-10] DEBUG c.e.employee.config.LoggingFilter - Header 'sec-fetch-dest' = script
2026-05-18 23:21:03 [http-nio-8080-exec-10] DEBUG c.e.employee.config.LoggingFilter - Header 'sec-fetch-mode' = no-cors
2026-05-18 23:21:03 [http-nio-8080-exec-6] DEBUG c.e.employee.config.LoggingFilter - Header 'cookie' = JSESSIONID=595139CC24D11620FCCA29F5FB490534
2026-05-18 23:21:03 [http-nio-8080-exec-10] DEBUG c.e.employee.config.LoggingFilter - Header 'sec-fetch-site' = same-origin
2026-05-18 23:21:03 [http-nio-8080-exec-6] DEBUG c.e.employee.config.LoggingFilter - Header 'sec-fetch-dest' = script
2026-05-18 23:21:03 [http-nio-8080-exec-6] DEBUG c.e.employee.config.LoggingFilter - Header 'sec-fetch-mode' = no-cors
2026-05-18 23:21:03 [http-nio-8080-exec-6] DEBUG c.e.employee.config.LoggingFilter - Header 'sec-fetch-site' = same-origin
2026-05-18 23:21:03 [http-nio-8080-exec-10] DEBUG c.e.employee.config.LoggingFilter - Header 'pragma' = no-cache
2026-05-18 23:21:03 [http-nio-8080-exec-10] DEBUG c.e.employee.config.LoggingFilter - Header 'cache-control' = no-cache
2026-05-18 23:21:03 [http-nio-8080-exec-6] DEBUG c.e.employee.config.LoggingFilter - Header 'pragma' = no-cache
2026-05-18 23:21:03 [http-nio-8080-exec-6] DEBUG c.e.employee.config.LoggingFilter - Header 'cache-control' = no-cache
2026-05-18 23:21:03 [http-nio-8080-exec-8] INFO  c.e.employee.config.LoggingFilter - Response status: 200
2026-05-18 23:21:03 [http-nio-8080-exec-5] INFO  c.e.employee.config.LoggingFilter - Response status: 200
2026-05-18 23:21:03 [http-nio-8080-exec-6] INFO  c.e.employee.config.LoggingFilter - Response status: 200
2026-05-18 23:21:03 [http-nio-8080-exec-7] INFO  c.e.employee.config.LoggingFilter - Response status: 200
2026-05-18 23:21:03 [http-nio-8080-exec-10] INFO  c.e.employee.config.LoggingFilter - Response status: 200
2026-05-18 23:21:03 [http-nio-8080-exec-5] INFO  c.e.employee.config.LoggingFilter - Incoming request: GET /swagger-ui/index.html
2026-05-18 23:21:03 [http-nio-8080-exec-5] DEBUG c.e.employee.config.LoggingFilter - Header 'host' = localhost:8080
2026-05-18 23:21:03 [http-nio-8080-exec-5] DEBUG c.e.employee.config.LoggingFilter - Header 'user-agent' = Mozilla/5.0 (Windows NT 10.0; Win64; x64; rv:150.0) Gecko/20100101 Firefox/150.0
2026-05-18 23:21:03 [http-nio-8080-exec-5] DEBUG c.e.employee.config.LoggingFilter - Header 'accept' = text/html,application/xhtml+xml,application/xml;q=0.9,*/*;q=0.8
2026-05-18 23:21:03 [http-nio-8080-exec-5] DEBUG c.e.employee.config.LoggingFilter - Header 'accept-language' = es-MX,es;q=0.9,en-US;q=0.8,en;q=0.7
2026-05-18 23:21:03 [http-nio-8080-exec-5] DEBUG c.e.employee.config.LoggingFilter - Header 'accept-encoding' = gzip, deflate, br, zstd
2026-05-18 23:21:03 [http-nio-8080-exec-5] DEBUG c.e.employee.config.LoggingFilter - Header 'connection' = keep-alive
2026-05-18 23:21:03 [http-nio-8080-exec-5] DEBUG c.e.employee.config.LoggingFilter - Header 'cookie' = JSESSIONID=595139CC24D11620FCCA29F5FB490534
2026-05-18 23:21:03 [http-nio-8080-exec-5] DEBUG c.e.employee.config.LoggingFilter - Header 'upgrade-insecure-requests' = 1
2026-05-18 23:21:03 [http-nio-8080-exec-5] DEBUG c.e.employee.config.LoggingFilter - Header 'sec-fetch-dest' = document
2026-05-18 23:21:03 [http-nio-8080-exec-5] DEBUG c.e.employee.config.LoggingFilter - Header 'sec-fetch-mode' = navigate
2026-05-18 23:21:03 [http-nio-8080-exec-5] DEBUG c.e.employee.config.LoggingFilter - Header 'sec-fetch-site' = none
2026-05-18 23:21:03 [http-nio-8080-exec-5] DEBUG c.e.employee.config.LoggingFilter - Header 'sec-fetch-user' = ?1
2026-05-18 23:21:03 [http-nio-8080-exec-5] DEBUG c.e.employee.config.LoggingFilter - Header 'priority' = u=0, i
2026-05-18 23:21:03 [http-nio-8080-exec-5] DEBUG c.e.employee.config.LoggingFilter - Header 'pragma' = no-cache
2026-05-18 23:21:03 [http-nio-8080-exec-5] DEBUG c.e.employee.config.LoggingFilter - Header 'cache-control' = no-cache
2026-05-18 23:21:03 [http-nio-8080-exec-5] INFO  c.e.employee.config.LoggingFilter - Response status: 200
2026-05-18 23:21:03 [http-nio-8080-exec-8] INFO  c.e.employee.config.LoggingFilter - Incoming request: GET /swagger-ui/swagger-ui.css
2026-05-18 23:21:03 [http-nio-8080-exec-8] DEBUG c.e.employee.config.LoggingFilter - Header 'host' = localhost:8080
2026-05-18 23:21:03 [http-nio-8080-exec-8] DEBUG c.e.employee.config.LoggingFilter - Header 'user-agent' = Mozilla/5.0 (Windows NT 10.0; Win64; x64; rv:150.0) Gecko/20100101 Firefox/150.0
2026-05-18 23:21:03 [http-nio-8080-exec-8] DEBUG c.e.employee.config.LoggingFilter - Header 'accept' = text/css,*/*;q=0.1
2026-05-18 23:21:03 [http-nio-8080-exec-8] DEBUG c.e.employee.config.LoggingFilter - Header 'accept-language' = es-MX,es;q=0.9,en-US;q=0.8,en;q=0.7
2026-05-18 23:21:03 [http-nio-8080-exec-8] DEBUG c.e.employee.config.LoggingFilter - Header 'accept-encoding' = gzip, deflate, br, zstd
2026-05-18 23:21:03 [http-nio-8080-exec-8] DEBUG c.e.employee.config.LoggingFilter - Header 'connection' = keep-alive
2026-05-18 23:21:03 [http-nio-8080-exec-8] DEBUG c.e.employee.config.LoggingFilter - Header 'referer' = http://localhost:8080/swagger-ui/index.html
2026-05-18 23:21:03 [http-nio-8080-exec-8] DEBUG c.e.employee.config.LoggingFilter - Header 'cookie' = JSESSIONID=595139CC24D11620FCCA29F5FB490534
2026-05-18 23:21:03 [http-nio-8080-exec-8] DEBUG c.e.employee.config.LoggingFilter - Header 'sec-fetch-dest' = style
2026-05-18 23:21:03 [http-nio-8080-exec-8] DEBUG c.e.employee.config.LoggingFilter - Header 'sec-fetch-mode' = no-cors
2026-05-18 23:21:03 [http-nio-8080-exec-7] INFO  c.e.employee.config.LoggingFilter - Incoming request: GET /swagger-ui/swagger-ui-bundle.js
2026-05-18 23:21:03 [http-nio-8080-exec-8] DEBUG c.e.employee.config.LoggingFilter - Header 'sec-fetch-site' = same-origin
2026-05-18 23:21:03 [http-nio-8080-exec-8] DEBUG c.e.employee.config.LoggingFilter - Header 'priority' = u=2
2026-05-18 23:21:03 [http-nio-8080-exec-10] INFO  c.e.employee.config.LoggingFilter - Incoming request: GET /swagger-ui/index.css
2026-05-18 23:21:03 [http-nio-8080-exec-8] DEBUG c.e.employee.config.LoggingFilter - Header 'pragma' = no-cache
2026-05-18 23:21:03 [http-nio-8080-exec-8] DEBUG c.e.employee.config.LoggingFilter - Header 'cache-control' = no-cache
2026-05-18 23:21:03 [http-nio-8080-exec-10] DEBUG c.e.employee.config.LoggingFilter - Header 'host' = localhost:8080
2026-05-18 23:21:03 [http-nio-8080-exec-6] INFO  c.e.employee.config.LoggingFilter - Incoming request: GET /swagger-ui/swagger-ui-standalone-preset.js
2026-05-18 23:21:03 [http-nio-8080-exec-10] DEBUG c.e.employee.config.LoggingFilter - Header 'user-agent' = Mozilla/5.0 (Windows NT 10.0; Win64; x64; rv:150.0) Gecko/20100101 Firefox/150.0
2026-05-18 23:21:03 [http-nio-8080-exec-7] DEBUG c.e.employee.config.LoggingFilter - Header 'host' = localhost:8080
2026-05-18 23:21:03 [http-nio-8080-exec-10] DEBUG c.e.employee.config.LoggingFilter - Header 'accept' = text/css,*/*;q=0.1
2026-05-18 23:21:03 [http-nio-8080-exec-6] DEBUG c.e.employee.config.LoggingFilter - Header 'host' = localhost:8080
2026-05-18 23:21:03 [http-nio-8080-exec-6] DEBUG c.e.employee.config.LoggingFilter - Header 'user-agent' = Mozilla/5.0 (Windows NT 10.0; Win64; x64; rv:150.0) Gecko/20100101 Firefox/150.0
2026-05-18 23:21:03 [http-nio-8080-exec-10] DEBUG c.e.employee.config.LoggingFilter - Header 'accept-language' = es-MX,es;q=0.9,en-US;q=0.8,en;q=0.7
2026-05-18 23:21:03 [http-nio-8080-exec-6] DEBUG c.e.employee.config.LoggingFilter - Header 'accept' = */*
2026-05-18 23:21:03 [http-nio-8080-exec-7] DEBUG c.e.employee.config.LoggingFilter - Header 'user-agent' = Mozilla/5.0 (Windows NT 10.0; Win64; x64; rv:150.0) Gecko/20100101 Firefox/150.0
2026-05-18 23:21:03 [http-nio-8080-exec-10] DEBUG c.e.employee.config.LoggingFilter - Header 'accept-encoding' = gzip, deflate, br, zstd
2026-05-18 23:21:03 [http-nio-8080-exec-6] DEBUG c.e.employee.config.LoggingFilter - Header 'accept-language' = es-MX,es;q=0.9,en-US;q=0.8,en;q=0.7
2026-05-18 23:21:03 [http-nio-8080-exec-10] DEBUG c.e.employee.config.LoggingFilter - Header 'connection' = keep-alive
2026-05-18 23:21:03 [http-nio-8080-exec-7] DEBUG c.e.employee.config.LoggingFilter - Header 'accept' = */*
2026-05-18 23:21:03 [http-nio-8080-exec-10] DEBUG c.e.employee.config.LoggingFilter - Header 'referer' = http://localhost:8080/swagger-ui/index.html
2026-05-18 23:21:03 [http-nio-8080-exec-6] DEBUG c.e.employee.config.LoggingFilter - Header 'accept-encoding' = gzip, deflate, br, zstd
2026-05-18 23:21:03 [http-nio-8080-exec-10] DEBUG c.e.employee.config.LoggingFilter - Header 'cookie' = JSESSIONID=595139CC24D11620FCCA29F5FB490534
2026-05-18 23:21:03 [http-nio-8080-exec-7] DEBUG c.e.employee.config.LoggingFilter - Header 'accept-language' = es-MX,es;q=0.9,en-US;q=0.8,en;q=0.7
2026-05-18 23:21:03 [http-nio-8080-exec-6] DEBUG c.e.employee.config.LoggingFilter - Header 'connection' = keep-alive
2026-05-18 23:21:03 [http-nio-8080-exec-10] DEBUG c.e.employee.config.LoggingFilter - Header 'sec-fetch-dest' = style
2026-05-18 23:21:03 [http-nio-8080-exec-7] DEBUG c.e.employee.config.LoggingFilter - Header 'accept-encoding' = gzip, deflate, br, zstd
2026-05-18 23:21:03 [http-nio-8080-exec-6] DEBUG c.e.employee.config.LoggingFilter - Header 'referer' = http://localhost:8080/swagger-ui/index.html
2026-05-18 23:21:03 [http-nio-8080-exec-9] INFO  c.e.employee.config.LoggingFilter - Incoming request: GET /swagger-ui/swagger-initializer.js
2026-05-18 23:21:03 [http-nio-8080-exec-6] DEBUG c.e.employee.config.LoggingFilter - Header 'cookie' = JSESSIONID=595139CC24D11620FCCA29F5FB490534
2026-05-18 23:21:03 [http-nio-8080-exec-7] DEBUG c.e.employee.config.LoggingFilter - Header 'connection' = keep-alive
2026-05-18 23:21:03 [http-nio-8080-exec-10] DEBUG c.e.employee.config.LoggingFilter - Header 'sec-fetch-mode' = no-cors
2026-05-18 23:21:03 [http-nio-8080-exec-6] DEBUG c.e.employee.config.LoggingFilter - Header 'sec-fetch-dest' = script
2026-05-18 23:21:03 [http-nio-8080-exec-9] DEBUG c.e.employee.config.LoggingFilter - Header 'host' = localhost:8080
2026-05-18 23:21:03 [http-nio-8080-exec-7] DEBUG c.e.employee.config.LoggingFilter - Header 'referer' = http://localhost:8080/swagger-ui/index.html
2026-05-18 23:21:03 [http-nio-8080-exec-6] DEBUG c.e.employee.config.LoggingFilter - Header 'sec-fetch-mode' = no-cors
2026-05-18 23:21:03 [http-nio-8080-exec-10] DEBUG c.e.employee.config.LoggingFilter - Header 'sec-fetch-site' = same-origin
2026-05-18 23:21:03 [http-nio-8080-exec-9] DEBUG c.e.employee.config.LoggingFilter - Header 'user-agent' = Mozilla/5.0 (Windows NT 10.0; Win64; x64; rv:150.0) Gecko/20100101 Firefox/150.0
2026-05-18 23:21:03 [http-nio-8080-exec-6] DEBUG c.e.employee.config.LoggingFilter - Header 'sec-fetch-site' = same-origin
2026-05-18 23:21:03 [http-nio-8080-exec-10] DEBUG c.e.employee.config.LoggingFilter - Header 'priority' = u=2
2026-05-18 23:21:03 [http-nio-8080-exec-7] DEBUG c.e.employee.config.LoggingFilter - Header 'cookie' = JSESSIONID=595139CC24D11620FCCA29F5FB490534
2026-05-18 23:21:03 [http-nio-8080-exec-9] DEBUG c.e.employee.config.LoggingFilter - Header 'accept' = */*
2026-05-18 23:21:03 [http-nio-8080-exec-6] DEBUG c.e.employee.config.LoggingFilter - Header 'pragma' = no-cache
2026-05-18 23:21:03 [http-nio-8080-exec-10] DEBUG c.e.employee.config.LoggingFilter - Header 'pragma' = no-cache
2026-05-18 23:21:03 [http-nio-8080-exec-7] DEBUG c.e.employee.config.LoggingFilter - Header 'sec-fetch-dest' = script
2026-05-18 23:21:03 [http-nio-8080-exec-6] DEBUG c.e.employee.config.LoggingFilter - Header 'cache-control' = no-cache
2026-05-18 23:21:03 [http-nio-8080-exec-9] DEBUG c.e.employee.config.LoggingFilter - Header 'accept-language' = es-MX,es;q=0.9,en-US;q=0.8,en;q=0.7
2026-05-18 23:21:03 [http-nio-8080-exec-7] DEBUG c.e.employee.config.LoggingFilter - Header 'sec-fetch-mode' = no-cors
2026-05-18 23:21:03 [http-nio-8080-exec-10] DEBUG c.e.employee.config.LoggingFilter - Header 'cache-control' = no-cache
2026-05-18 23:21:03 [http-nio-8080-exec-7] DEBUG c.e.employee.config.LoggingFilter - Header 'sec-fetch-site' = same-origin
2026-05-18 23:21:03 [http-nio-8080-exec-9] DEBUG c.e.employee.config.LoggingFilter - Header 'accept-encoding' = gzip, deflate, br, zstd
2026-05-18 23:21:03 [http-nio-8080-exec-7] DEBUG c.e.employee.config.LoggingFilter - Header 'pragma' = no-cache
2026-05-18 23:21:03 [http-nio-8080-exec-9] DEBUG c.e.employee.config.LoggingFilter - Header 'connection' = keep-alive
2026-05-18 23:21:03 [http-nio-8080-exec-7] DEBUG c.e.employee.config.LoggingFilter - Header 'cache-control' = no-cache
2026-05-18 23:21:03 [http-nio-8080-exec-9] DEBUG c.e.employee.config.LoggingFilter - Header 'referer' = http://localhost:8080/swagger-ui/index.html
2026-05-18 23:21:03 [http-nio-8080-exec-9] DEBUG c.e.employee.config.LoggingFilter - Header 'cookie' = JSESSIONID=595139CC24D11620FCCA29F5FB490534
2026-05-18 23:21:03 [http-nio-8080-exec-9] DEBUG c.e.employee.config.LoggingFilter - Header 'sec-fetch-dest' = script
2026-05-18 23:21:03 [http-nio-8080-exec-9] DEBUG c.e.employee.config.LoggingFilter - Header 'sec-fetch-mode' = no-cors
2026-05-18 23:21:03 [http-nio-8080-exec-9] DEBUG c.e.employee.config.LoggingFilter - Header 'sec-fetch-site' = same-origin
2026-05-18 23:21:03 [http-nio-8080-exec-9] DEBUG c.e.employee.config.LoggingFilter - Header 'pragma' = no-cache
2026-05-18 23:21:03 [http-nio-8080-exec-9] DEBUG c.e.employee.config.LoggingFilter - Header 'cache-control' = no-cache
2026-05-18 23:21:03 [http-nio-8080-exec-8] INFO  c.e.employee.config.LoggingFilter - Response status: 200
2026-05-18 23:21:03 [http-nio-8080-exec-10] INFO  c.e.employee.config.LoggingFilter - Response status: 200
2026-05-18 23:21:03 [http-nio-8080-exec-9] INFO  c.e.employee.config.LoggingFilter - Response status: 200
2026-05-18 23:21:03 [http-nio-8080-exec-6] INFO  c.e.employee.config.LoggingFilter - Response status: 200
2026-05-18 23:21:03 [http-nio-8080-exec-7] INFO  c.e.employee.config.LoggingFilter - Response status: 200
2026-05-18 23:21:03 [http-nio-8080-exec-8] INFO  c.e.employee.config.LoggingFilter - Incoming request: GET /swagger-ui/index.html
2026-05-18 23:21:03 [http-nio-8080-exec-8] DEBUG c.e.employee.config.LoggingFilter - Header 'host' = localhost:8080
2026-05-18 23:21:03 [http-nio-8080-exec-8] DEBUG c.e.employee.config.LoggingFilter - Header 'user-agent' = Mozilla/5.0 (Windows NT 10.0; Win64; x64; rv:150.0) Gecko/20100101 Firefox/150.0
2026-05-18 23:21:03 [http-nio-8080-exec-8] DEBUG c.e.employee.config.LoggingFilter - Header 'accept' = text/html,application/xhtml+xml,application/xml;q=0.9,*/*;q=0.8
2026-05-18 23:21:03 [http-nio-8080-exec-8] DEBUG c.e.employee.config.LoggingFilter - Header 'accept-language' = es-MX,es;q=0.9,en-US;q=0.8,en;q=0.7
2026-05-18 23:21:03 [http-nio-8080-exec-8] DEBUG c.e.employee.config.LoggingFilter - Header 'accept-encoding' = gzip, deflate, br, zstd
2026-05-18 23:21:03 [http-nio-8080-exec-8] DEBUG c.e.employee.config.LoggingFilter - Header 'connection' = keep-alive
2026-05-18 23:21:03 [http-nio-8080-exec-8] DEBUG c.e.employee.config.LoggingFilter - Header 'cookie' = JSESSIONID=595139CC24D11620FCCA29F5FB490534
2026-05-18 23:21:03 [http-nio-8080-exec-8] DEBUG c.e.employee.config.LoggingFilter - Header 'upgrade-insecure-requests' = 1
2026-05-18 23:21:03 [http-nio-8080-exec-8] DEBUG c.e.employee.config.LoggingFilter - Header 'sec-fetch-dest' = document
2026-05-18 23:21:03 [http-nio-8080-exec-8] DEBUG c.e.employee.config.LoggingFilter - Header 'sec-fetch-mode' = navigate
2026-05-18 23:21:03 [http-nio-8080-exec-8] DEBUG c.e.employee.config.LoggingFilter - Header 'sec-fetch-site' = none
2026-05-18 23:21:03 [http-nio-8080-exec-8] DEBUG c.e.employee.config.LoggingFilter - Header 'sec-fetch-user' = ?1
2026-05-18 23:21:03 [http-nio-8080-exec-8] DEBUG c.e.employee.config.LoggingFilter - Header 'priority' = u=0, i
2026-05-18 23:21:03 [http-nio-8080-exec-8] DEBUG c.e.employee.config.LoggingFilter - Header 'pragma' = no-cache
2026-05-18 23:21:03 [http-nio-8080-exec-8] DEBUG c.e.employee.config.LoggingFilter - Header 'cache-control' = no-cache
2026-05-18 23:21:03 [http-nio-8080-exec-8] INFO  c.e.employee.config.LoggingFilter - Response status: 200
2026-05-18 23:21:03 [http-nio-8080-exec-10] INFO  c.e.employee.config.LoggingFilter - Incoming request: GET /swagger-ui/swagger-ui.css
2026-05-18 23:21:03 [http-nio-8080-exec-10] DEBUG c.e.employee.config.LoggingFilter - Header 'host' = localhost:8080
2026-05-18 23:21:03 [http-nio-8080-exec-10] DEBUG c.e.employee.config.LoggingFilter - Header 'user-agent' = Mozilla/5.0 (Windows NT 10.0; Win64; x64; rv:150.0) Gecko/20100101 Firefox/150.0
2026-05-18 23:21:03 [http-nio-8080-exec-10] DEBUG c.e.employee.config.LoggingFilter - Header 'accept' = text/css,*/*;q=0.1
2026-05-18 23:21:03 [http-nio-8080-exec-9] INFO  c.e.employee.config.LoggingFilter - Incoming request: GET /swagger-ui/swagger-ui-bundle.js
2026-05-18 23:21:03 [http-nio-8080-exec-10] DEBUG c.e.employee.config.LoggingFilter - Header 'accept-language' = es-MX,es;q=0.9,en-US;q=0.8,en;q=0.7
2026-05-18 23:21:03 [http-nio-8080-exec-9] DEBUG c.e.employee.config.LoggingFilter - Header 'host' = localhost:8080
2026-05-18 23:21:03 [http-nio-8080-exec-10] DEBUG c.e.employee.config.LoggingFilter - Header 'accept-encoding' = gzip, deflate, br, zstd
2026-05-18 23:21:03 [http-nio-8080-exec-9] DEBUG c.e.employee.config.LoggingFilter - Header 'user-agent' = Mozilla/5.0 (Windows NT 10.0; Win64; x64; rv:150.0) Gecko/20100101 Firefox/150.0
2026-05-18 23:21:03 [http-nio-8080-exec-2] INFO  c.e.employee.config.LoggingFilter - Incoming request: GET /swagger-ui/swagger-initializer.js
2026-05-18 23:21:03 [http-nio-8080-exec-10] DEBUG c.e.employee.config.LoggingFilter - Header 'connection' = keep-alive
2026-05-18 23:21:03 [http-nio-8080-exec-9] DEBUG c.e.employee.config.LoggingFilter - Header 'accept' = */*
2026-05-18 23:21:03 [http-nio-8080-exec-7] INFO  c.e.employee.config.LoggingFilter - Incoming request: GET /swagger-ui/index.css
2026-05-18 23:21:03 [http-nio-8080-exec-2] DEBUG c.e.employee.config.LoggingFilter - Header 'host' = localhost:8080
2026-05-18 23:21:03 [http-nio-8080-exec-10] DEBUG c.e.employee.config.LoggingFilter - Header 'referer' = http://localhost:8080/swagger-ui/index.html
2026-05-18 23:21:03 [http-nio-8080-exec-7] DEBUG c.e.employee.config.LoggingFilter - Header 'host' = localhost:8080
2026-05-18 23:21:03 [http-nio-8080-exec-2] DEBUG c.e.employee.config.LoggingFilter - Header 'user-agent' = Mozilla/5.0 (Windows NT 10.0; Win64; x64; rv:150.0) Gecko/20100101 Firefox/150.0
2026-05-18 23:21:03 [http-nio-8080-exec-7] DEBUG c.e.employee.config.LoggingFilter - Header 'user-agent' = Mozilla/5.0 (Windows NT 10.0; Win64; x64; rv:150.0) Gecko/20100101 Firefox/150.0
2026-05-18 23:21:03 [http-nio-8080-exec-6] INFO  c.e.employee.config.LoggingFilter - Incoming request: GET /swagger-ui/swagger-ui-standalone-preset.js
2026-05-18 23:21:03 [http-nio-8080-exec-10] DEBUG c.e.employee.config.LoggingFilter - Header 'cookie' = JSESSIONID=595139CC24D11620FCCA29F5FB490534
2026-05-18 23:21:03 [http-nio-8080-exec-9] DEBUG c.e.employee.config.LoggingFilter - Header 'accept-language' = es-MX,es;q=0.9,en-US;q=0.8,en;q=0.7
2026-05-18 23:21:03 [http-nio-8080-exec-7] DEBUG c.e.employee.config.LoggingFilter - Header 'accept' = text/css,*/*;q=0.1
2026-05-18 23:21:03 [http-nio-8080-exec-2] DEBUG c.e.employee.config.LoggingFilter - Header 'accept' = */*
2026-05-18 23:21:03 [http-nio-8080-exec-10] DEBUG c.e.employee.config.LoggingFilter - Header 'sec-fetch-dest' = style
2026-05-18 23:21:03 [http-nio-8080-exec-2] DEBUG c.e.employee.config.LoggingFilter - Header 'accept-language' = es-MX,es;q=0.9,en-US;q=0.8,en;q=0.7
2026-05-18 23:21:03 [http-nio-8080-exec-10] DEBUG c.e.employee.config.LoggingFilter - Header 'sec-fetch-mode' = no-cors
2026-05-18 23:21:03 [http-nio-8080-exec-2] DEBUG c.e.employee.config.LoggingFilter - Header 'accept-encoding' = gzip, deflate, br, zstd
2026-05-18 23:21:03 [http-nio-8080-exec-7] DEBUG c.e.employee.config.LoggingFilter - Header 'accept-language' = es-MX,es;q=0.9,en-US;q=0.8,en;q=0.7
2026-05-18 23:21:03 [http-nio-8080-exec-10] DEBUG c.e.employee.config.LoggingFilter - Header 'sec-fetch-site' = same-origin
2026-05-18 23:21:03 [http-nio-8080-exec-2] DEBUG c.e.employee.config.LoggingFilter - Header 'connection' = keep-alive
2026-05-18 23:21:03 [http-nio-8080-exec-10] DEBUG c.e.employee.config.LoggingFilter - Header 'priority' = u=2
2026-05-18 23:21:03 [http-nio-8080-exec-6] DEBUG c.e.employee.config.LoggingFilter - Header 'host' = localhost:8080
2026-05-18 23:21:03 [http-nio-8080-exec-10] DEBUG c.e.employee.config.LoggingFilter - Header 'pragma' = no-cache
2026-05-18 23:21:03 [http-nio-8080-exec-2] DEBUG c.e.employee.config.LoggingFilter - Header 'referer' = http://localhost:8080/swagger-ui/index.html
2026-05-18 23:21:03 [http-nio-8080-exec-9] DEBUG c.e.employee.config.LoggingFilter - Header 'accept-encoding' = gzip, deflate, br, zstd
2026-05-18 23:21:03 [http-nio-8080-exec-7] DEBUG c.e.employee.config.LoggingFilter - Header 'accept-encoding' = gzip, deflate, br, zstd
2026-05-18 23:21:03 [http-nio-8080-exec-9] DEBUG c.e.employee.config.LoggingFilter - Header 'connection' = keep-alive
2026-05-18 23:21:03 [http-nio-8080-exec-2] DEBUG c.e.employee.config.LoggingFilter - Header 'cookie' = JSESSIONID=595139CC24D11620FCCA29F5FB490534
2026-05-18 23:21:03 [http-nio-8080-exec-6] DEBUG c.e.employee.config.LoggingFilter - Header 'user-agent' = Mozilla/5.0 (Windows NT 10.0; Win64; x64; rv:150.0) Gecko/20100101 Firefox/150.0
2026-05-18 23:21:03 [http-nio-8080-exec-10] DEBUG c.e.employee.config.LoggingFilter - Header 'cache-control' = no-cache
2026-05-18 23:21:03 [http-nio-8080-exec-2] DEBUG c.e.employee.config.LoggingFilter - Header 'sec-fetch-dest' = script
2026-05-18 23:21:03 [http-nio-8080-exec-2] DEBUG c.e.employee.config.LoggingFilter - Header 'sec-fetch-mode' = no-cors
2026-05-18 23:21:03 [http-nio-8080-exec-9] DEBUG c.e.employee.config.LoggingFilter - Header 'referer' = http://localhost:8080/swagger-ui/index.html
2026-05-18 23:21:03 [http-nio-8080-exec-2] DEBUG c.e.employee.config.LoggingFilter - Header 'sec-fetch-site' = same-origin
2026-05-18 23:21:03 [http-nio-8080-exec-9] DEBUG c.e.employee.config.LoggingFilter - Header 'cookie' = JSESSIONID=595139CC24D11620FCCA29F5FB490534
2026-05-18 23:21:03 [http-nio-8080-exec-2] DEBUG c.e.employee.config.LoggingFilter - Header 'pragma' = no-cache
2026-05-18 23:21:03 [http-nio-8080-exec-9] DEBUG c.e.employee.config.LoggingFilter - Header 'sec-fetch-dest' = script
2026-05-18 23:21:03 [http-nio-8080-exec-7] DEBUG c.e.employee.config.LoggingFilter - Header 'connection' = keep-alive
2026-05-18 23:21:03 [http-nio-8080-exec-6] DEBUG c.e.employee.config.LoggingFilter - Header 'accept' = */*
2026-05-18 23:21:03 [http-nio-8080-exec-6] DEBUG c.e.employee.config.LoggingFilter - Header 'accept-language' = es-MX,es;q=0.9,en-US;q=0.8,en;q=0.7
2026-05-18 23:21:03 [http-nio-8080-exec-2] DEBUG c.e.employee.config.LoggingFilter - Header 'cache-control' = no-cache
2026-05-18 23:21:03 [http-nio-8080-exec-9] DEBUG c.e.employee.config.LoggingFilter - Header 'sec-fetch-mode' = no-cors
2026-05-18 23:21:03 [http-nio-8080-exec-6] DEBUG c.e.employee.config.LoggingFilter - Header 'accept-encoding' = gzip, deflate, br, zstd
2026-05-18 23:21:03 [http-nio-8080-exec-9] DEBUG c.e.employee.config.LoggingFilter - Header 'sec-fetch-site' = same-origin
2026-05-18 23:21:03 [http-nio-8080-exec-6] DEBUG c.e.employee.config.LoggingFilter - Header 'connection' = keep-alive
2026-05-18 23:21:03 [http-nio-8080-exec-7] DEBUG c.e.employee.config.LoggingFilter - Header 'referer' = http://localhost:8080/swagger-ui/index.html
2026-05-18 23:21:03 [http-nio-8080-exec-6] DEBUG c.e.employee.config.LoggingFilter - Header 'referer' = http://localhost:8080/swagger-ui/index.html
2026-05-18 23:21:03 [http-nio-8080-exec-7] DEBUG c.e.employee.config.LoggingFilter - Header 'cookie' = JSESSIONID=595139CC24D11620FCCA29F5FB490534
2026-05-18 23:21:03 [http-nio-8080-exec-7] DEBUG c.e.employee.config.LoggingFilter - Header 'sec-fetch-dest' = style
2026-05-18 23:21:03 [http-nio-8080-exec-7] DEBUG c.e.employee.config.LoggingFilter - Header 'sec-fetch-mode' = no-cors
2026-05-18 23:21:03 [http-nio-8080-exec-9] DEBUG c.e.employee.config.LoggingFilter - Header 'pragma' = no-cache
2026-05-18 23:21:03 [http-nio-8080-exec-6] DEBUG c.e.employee.config.LoggingFilter - Header 'cookie' = JSESSIONID=595139CC24D11620FCCA29F5FB490534
2026-05-18 23:21:03 [http-nio-8080-exec-7] DEBUG c.e.employee.config.LoggingFilter - Header 'sec-fetch-site' = same-origin
2026-05-18 23:21:03 [http-nio-8080-exec-6] DEBUG c.e.employee.config.LoggingFilter - Header 'sec-fetch-dest' = script
2026-05-18 23:21:03 [http-nio-8080-exec-7] DEBUG c.e.employee.config.LoggingFilter - Header 'priority' = u=2
2026-05-18 23:21:03 [http-nio-8080-exec-7] DEBUG c.e.employee.config.LoggingFilter - Header 'pragma' = no-cache
2026-05-18 23:21:03 [http-nio-8080-exec-6] DEBUG c.e.employee.config.LoggingFilter - Header 'sec-fetch-mode' = no-cors
2026-05-18 23:21:03 [http-nio-8080-exec-7] DEBUG c.e.employee.config.LoggingFilter - Header 'cache-control' = no-cache
2026-05-18 23:21:03 [http-nio-8080-exec-9] DEBUG c.e.employee.config.LoggingFilter - Header 'cache-control' = no-cache
2026-05-18 23:21:03 [http-nio-8080-exec-6] DEBUG c.e.employee.config.LoggingFilter - Header 'sec-fetch-site' = same-origin
2026-05-18 23:21:03 [http-nio-8080-exec-6] DEBUG c.e.employee.config.LoggingFilter - Header 'pragma' = no-cache
2026-05-18 23:21:03 [http-nio-8080-exec-6] DEBUG c.e.employee.config.LoggingFilter - Header 'cache-control' = no-cache
2026-05-18 23:21:03 [http-nio-8080-exec-2] INFO  c.e.employee.config.LoggingFilter - Response status: 200
2026-05-18 23:21:03 [http-nio-8080-exec-10] INFO  c.e.employee.config.LoggingFilter - Response status: 200
2026-05-18 23:21:03 [http-nio-8080-exec-7] INFO  c.e.employee.config.LoggingFilter - Response status: 200
2026-05-18 23:21:03 [http-nio-8080-exec-6] INFO  c.e.employee.config.LoggingFilter - Response status: 200
2026-05-18 23:21:03 [http-nio-8080-exec-9] INFO  c.e.employee.config.LoggingFilter - Response status: 200
2026-05-18 23:21:03 [http-nio-8080-exec-2] INFO  c.e.employee.config.LoggingFilter - Incoming request: GET /swagger-ui/index.html
2026-05-18 23:21:03 [http-nio-8080-exec-2] DEBUG c.e.employee.config.LoggingFilter - Header 'host' = localhost:8080
2026-05-18 23:21:03 [http-nio-8080-exec-2] DEBUG c.e.employee.config.LoggingFilter - Header 'user-agent' = Mozilla/5.0 (Windows NT 10.0; Win64; x64; rv:150.0) Gecko/20100101 Firefox/150.0
2026-05-18 23:21:03 [http-nio-8080-exec-2] DEBUG c.e.employee.config.LoggingFilter - Header 'accept' = text/html,application/xhtml+xml,application/xml;q=0.9,*/*;q=0.8
2026-05-18 23:21:03 [http-nio-8080-exec-2] DEBUG c.e.employee.config.LoggingFilter - Header 'accept-language' = es-MX,es;q=0.9,en-US;q=0.8,en;q=0.7
2026-05-18 23:21:03 [http-nio-8080-exec-2] DEBUG c.e.employee.config.LoggingFilter - Header 'accept-encoding' = gzip, deflate, br, zstd
2026-05-18 23:21:03 [http-nio-8080-exec-2] DEBUG c.e.employee.config.LoggingFilter - Header 'connection' = keep-alive
2026-05-18 23:21:03 [http-nio-8080-exec-2] DEBUG c.e.employee.config.LoggingFilter - Header 'cookie' = JSESSIONID=595139CC24D11620FCCA29F5FB490534
2026-05-18 23:21:03 [http-nio-8080-exec-2] DEBUG c.e.employee.config.LoggingFilter - Header 'upgrade-insecure-requests' = 1
2026-05-18 23:21:03 [http-nio-8080-exec-2] DEBUG c.e.employee.config.LoggingFilter - Header 'sec-fetch-dest' = document
2026-05-18 23:21:03 [http-nio-8080-exec-2] DEBUG c.e.employee.config.LoggingFilter - Header 'sec-fetch-mode' = navigate
2026-05-18 23:21:03 [http-nio-8080-exec-2] DEBUG c.e.employee.config.LoggingFilter - Header 'sec-fetch-site' = none
2026-05-18 23:21:03 [http-nio-8080-exec-2] DEBUG c.e.employee.config.LoggingFilter - Header 'sec-fetch-user' = ?1
2026-05-18 23:21:03 [http-nio-8080-exec-2] DEBUG c.e.employee.config.LoggingFilter - Header 'priority' = u=0, i
2026-05-18 23:21:03 [http-nio-8080-exec-2] DEBUG c.e.employee.config.LoggingFilter - Header 'pragma' = no-cache
2026-05-18 23:21:03 [http-nio-8080-exec-2] DEBUG c.e.employee.config.LoggingFilter - Header 'cache-control' = no-cache
2026-05-18 23:21:03 [http-nio-8080-exec-2] INFO  c.e.employee.config.LoggingFilter - Response status: 200
2026-05-18 23:21:03 [http-nio-8080-exec-10] INFO  c.e.employee.config.LoggingFilter - Incoming request: GET /swagger-ui/swagger-ui.css
2026-05-18 23:21:03 [http-nio-8080-exec-10] DEBUG c.e.employee.config.LoggingFilter - Header 'host' = localhost:8080
2026-05-18 23:21:03 [http-nio-8080-exec-10] DEBUG c.e.employee.config.LoggingFilter - Header 'user-agent' = Mozilla/5.0 (Windows NT 10.0; Win64; x64; rv:150.0) Gecko/20100101 Firefox/150.0
2026-05-18 23:21:03 [http-nio-8080-exec-10] DEBUG c.e.employee.config.LoggingFilter - Header 'accept' = text/css,*/*;q=0.1
2026-05-18 23:21:03 [http-nio-8080-exec-10] DEBUG c.e.employee.config.LoggingFilter - Header 'accept-language' = es-MX,es;q=0.9,en-US;q=0.8,en;q=0.7
2026-05-18 23:21:03 [http-nio-8080-exec-10] DEBUG c.e.employee.config.LoggingFilter - Header 'accept-encoding' = gzip, deflate, br, zstd
2026-05-18 23:21:03 [http-nio-8080-exec-10] DEBUG c.e.employee.config.LoggingFilter - Header 'connection' = keep-alive
2026-05-18 23:21:03 [http-nio-8080-exec-10] DEBUG c.e.employee.config.LoggingFilter - Header 'referer' = http://localhost:8080/swagger-ui/index.html
2026-05-18 23:21:03 [http-nio-8080-exec-10] DEBUG c.e.employee.config.LoggingFilter - Header 'cookie' = JSESSIONID=595139CC24D11620FCCA29F5FB490534
2026-05-18 23:21:03 [http-nio-8080-exec-10] DEBUG c.e.employee.config.LoggingFilter - Header 'sec-fetch-dest' = style
2026-05-18 23:21:03 [http-nio-8080-exec-10] DEBUG c.e.employee.config.LoggingFilter - Header 'sec-fetch-mode' = no-cors
2026-05-18 23:21:03 [http-nio-8080-exec-10] DEBUG c.e.employee.config.LoggingFilter - Header 'sec-fetch-site' = same-origin
2026-05-18 23:21:03 [http-nio-8080-exec-10] DEBUG c.e.employee.config.LoggingFilter - Header 'priority' = u=2
2026-05-18 23:21:03 [http-nio-8080-exec-10] DEBUG c.e.employee.config.LoggingFilter - Header 'pragma' = no-cache
2026-05-18 23:21:03 [http-nio-8080-exec-10] DEBUG c.e.employee.config.LoggingFilter - Header 'cache-control' = no-cache
2026-05-18 23:21:03 [http-nio-8080-exec-6] INFO  c.e.employee.config.LoggingFilter - Incoming request: GET /swagger-ui/swagger-ui-standalone-preset.js
2026-05-18 23:21:03 [http-nio-8080-exec-7] INFO  c.e.employee.config.LoggingFilter - Incoming request: GET /swagger-ui/swagger-ui-bundle.js
2026-05-18 23:21:03 [http-nio-8080-exec-6] DEBUG c.e.employee.config.LoggingFilter - Header 'host' = localhost:8080
2026-05-18 23:21:03 [http-nio-8080-exec-9] INFO  c.e.employee.config.LoggingFilter - Incoming request: GET /swagger-ui/index.css
2026-05-18 23:21:03 [http-nio-8080-exec-7] DEBUG c.e.employee.config.LoggingFilter - Header 'host' = localhost:8080
2026-05-18 23:21:03 [http-nio-8080-exec-6] DEBUG c.e.employee.config.LoggingFilter - Header 'user-agent' = Mozilla/5.0 (Windows NT 10.0; Win64; x64; rv:150.0) Gecko/20100101 Firefox/150.0
2026-05-18 23:21:03 [http-nio-8080-exec-7] DEBUG c.e.employee.config.LoggingFilter - Header 'user-agent' = Mozilla/5.0 (Windows NT 10.0; Win64; x64; rv:150.0) Gecko/20100101 Firefox/150.0
2026-05-18 23:21:03 [http-nio-8080-exec-1] INFO  c.e.employee.config.LoggingFilter - Incoming request: GET /swagger-ui/swagger-initializer.js
2026-05-18 23:21:03 [http-nio-8080-exec-6] DEBUG c.e.employee.config.LoggingFilter - Header 'accept' = */*
2026-05-18 23:21:03 [http-nio-8080-exec-9] DEBUG c.e.employee.config.LoggingFilter - Header 'host' = localhost:8080
2026-05-18 23:21:03 [http-nio-8080-exec-6] DEBUG c.e.employee.config.LoggingFilter - Header 'accept-language' = es-MX,es;q=0.9,en-US;q=0.8,en;q=0.7
2026-05-18 23:21:03 [http-nio-8080-exec-7] DEBUG c.e.employee.config.LoggingFilter - Header 'accept' = */*
2026-05-18 23:21:03 [http-nio-8080-exec-6] DEBUG c.e.employee.config.LoggingFilter - Header 'accept-encoding' = gzip, deflate, br, zstd
2026-05-18 23:21:03 [http-nio-8080-exec-1] DEBUG c.e.employee.config.LoggingFilter - Header 'host' = localhost:8080
2026-05-18 23:21:03 [http-nio-8080-exec-9] DEBUG c.e.employee.config.LoggingFilter - Header 'user-agent' = Mozilla/5.0 (Windows NT 10.0; Win64; x64; rv:150.0) Gecko/20100101 Firefox/150.0
2026-05-18 23:21:03 [http-nio-8080-exec-7] DEBUG c.e.employee.config.LoggingFilter - Header 'accept-language' = es-MX,es;q=0.9,en-US;q=0.8,en;q=0.7
2026-05-18 23:21:03 [http-nio-8080-exec-6] DEBUG c.e.employee.config.LoggingFilter - Header 'connection' = keep-alive
2026-05-18 23:21:03 [http-nio-8080-exec-1] DEBUG c.e.employee.config.LoggingFilter - Header 'user-agent' = Mozilla/5.0 (Windows NT 10.0; Win64; x64; rv:150.0) Gecko/20100101 Firefox/150.0
2026-05-18 23:21:03 [http-nio-8080-exec-6] DEBUG c.e.employee.config.LoggingFilter - Header 'referer' = http://localhost:8080/swagger-ui/index.html
2026-05-18 23:21:03 [http-nio-8080-exec-9] DEBUG c.e.employee.config.LoggingFilter - Header 'accept' = text/css,*/*;q=0.1
2026-05-18 23:21:03 [http-nio-8080-exec-6] DEBUG c.e.employee.config.LoggingFilter - Header 'cookie' = JSESSIONID=595139CC24D11620FCCA29F5FB490534
2026-05-18 23:21:03 [http-nio-8080-exec-6] DEBUG c.e.employee.config.LoggingFilter - Header 'sec-fetch-dest' = script
2026-05-18 23:21:03 [http-nio-8080-exec-6] DEBUG c.e.employee.config.LoggingFilter - Header 'sec-fetch-mode' = no-cors
2026-05-18 23:21:03 [http-nio-8080-exec-7] DEBUG c.e.employee.config.LoggingFilter - Header 'accept-encoding' = gzip, deflate, br, zstd
2026-05-18 23:21:03 [http-nio-8080-exec-1] DEBUG c.e.employee.config.LoggingFilter - Header 'accept' = */*
2026-05-18 23:21:03 [http-nio-8080-exec-9] DEBUG c.e.employee.config.LoggingFilter - Header 'accept-language' = es-MX,es;q=0.9,en-US;q=0.8,en;q=0.7
2026-05-18 23:21:03 [http-nio-8080-exec-6] DEBUG c.e.employee.config.LoggingFilter - Header 'sec-fetch-site' = same-origin
2026-05-18 23:21:03 [http-nio-8080-exec-7] DEBUG c.e.employee.config.LoggingFilter - Header 'connection' = keep-alive
2026-05-18 23:21:03 [http-nio-8080-exec-9] DEBUG c.e.employee.config.LoggingFilter - Header 'accept-encoding' = gzip, deflate, br, zstd
2026-05-18 23:21:03 [http-nio-8080-exec-1] DEBUG c.e.employee.config.LoggingFilter - Header 'accept-language' = es-MX,es;q=0.9,en-US;q=0.8,en;q=0.7
2026-05-18 23:21:03 [http-nio-8080-exec-9] DEBUG c.e.employee.config.LoggingFilter - Header 'connection' = keep-alive
2026-05-18 23:21:03 [http-nio-8080-exec-1] DEBUG c.e.employee.config.LoggingFilter - Header 'accept-encoding' = gzip, deflate, br, zstd
2026-05-18 23:21:03 [http-nio-8080-exec-6] DEBUG c.e.employee.config.LoggingFilter - Header 'pragma' = no-cache
2026-05-18 23:21:03 [http-nio-8080-exec-7] DEBUG c.e.employee.config.LoggingFilter - Header 'referer' = http://localhost:8080/swagger-ui/index.html
2026-05-18 23:21:03 [http-nio-8080-exec-1] DEBUG c.e.employee.config.LoggingFilter - Header 'connection' = keep-alive
2026-05-18 23:21:03 [http-nio-8080-exec-7] DEBUG c.e.employee.config.LoggingFilter - Header 'cookie' = JSESSIONID=595139CC24D11620FCCA29F5FB490534
2026-05-18 23:21:03 [http-nio-8080-exec-1] DEBUG c.e.employee.config.LoggingFilter - Header 'referer' = http://localhost:8080/swagger-ui/index.html
2026-05-18 23:21:03 [http-nio-8080-exec-7] DEBUG c.e.employee.config.LoggingFilter - Header 'sec-fetch-dest' = script
2026-05-18 23:21:03 [http-nio-8080-exec-1] DEBUG c.e.employee.config.LoggingFilter - Header 'cookie' = JSESSIONID=595139CC24D11620FCCA29F5FB490534
2026-05-18 23:21:03 [http-nio-8080-exec-9] DEBUG c.e.employee.config.LoggingFilter - Header 'referer' = http://localhost:8080/swagger-ui/index.html
2026-05-18 23:21:03 [http-nio-8080-exec-6] DEBUG c.e.employee.config.LoggingFilter - Header 'cache-control' = no-cache
2026-05-18 23:21:03 [http-nio-8080-exec-7] DEBUG c.e.employee.config.LoggingFilter - Header 'sec-fetch-mode' = no-cors
2026-05-18 23:21:03 [http-nio-8080-exec-1] DEBUG c.e.employee.config.LoggingFilter - Header 'sec-fetch-dest' = script
2026-05-18 23:21:03 [http-nio-8080-exec-1] DEBUG c.e.employee.config.LoggingFilter - Header 'sec-fetch-mode' = no-cors
2026-05-18 23:21:03 [http-nio-8080-exec-7] DEBUG c.e.employee.config.LoggingFilter - Header 'sec-fetch-site' = same-origin
2026-05-18 23:21:03 [http-nio-8080-exec-9] DEBUG c.e.employee.config.LoggingFilter - Header 'cookie' = JSESSIONID=595139CC24D11620FCCA29F5FB490534
2026-05-18 23:21:03 [http-nio-8080-exec-9] DEBUG c.e.employee.config.LoggingFilter - Header 'sec-fetch-dest' = style
2026-05-18 23:21:03 [http-nio-8080-exec-1] DEBUG c.e.employee.config.LoggingFilter - Header 'sec-fetch-site' = same-origin
2026-05-18 23:21:03 [http-nio-8080-exec-7] DEBUG c.e.employee.config.LoggingFilter - Header 'pragma' = no-cache
2026-05-18 23:21:03 [http-nio-8080-exec-1] DEBUG c.e.employee.config.LoggingFilter - Header 'pragma' = no-cache
2026-05-18 23:21:03 [http-nio-8080-exec-7] DEBUG c.e.employee.config.LoggingFilter - Header 'cache-control' = no-cache
2026-05-18 23:21:03 [http-nio-8080-exec-9] DEBUG c.e.employee.config.LoggingFilter - Header 'sec-fetch-mode' = no-cors
2026-05-18 23:21:03 [http-nio-8080-exec-1] DEBUG c.e.employee.config.LoggingFilter - Header 'cache-control' = no-cache
2026-05-18 23:21:03 [http-nio-8080-exec-9] DEBUG c.e.employee.config.LoggingFilter - Header 'sec-fetch-site' = same-origin
2026-05-18 23:21:03 [http-nio-8080-exec-9] DEBUG c.e.employee.config.LoggingFilter - Header 'priority' = u=2
2026-05-18 23:21:03 [http-nio-8080-exec-9] DEBUG c.e.employee.config.LoggingFilter - Header 'pragma' = no-cache
2026-05-18 23:21:03 [http-nio-8080-exec-9] DEBUG c.e.employee.config.LoggingFilter - Header 'cache-control' = no-cache
2026-05-18 23:21:03 [http-nio-8080-exec-1] INFO  c.e.employee.config.LoggingFilter - Response status: 200
2026-05-18 23:21:03 [http-nio-8080-exec-10] INFO  c.e.employee.config.LoggingFilter - Response status: 200
2026-05-18 23:21:03 [http-nio-8080-exec-9] INFO  c.e.employee.config.LoggingFilter - Response status: 200
2026-05-18 23:21:03 [http-nio-8080-exec-6] INFO  c.e.employee.config.LoggingFilter - Response status: 200
2026-05-18 23:21:03 [http-nio-8080-exec-7] INFO  c.e.employee.config.LoggingFilter - Response status: 200
2026-05-18 23:21:03 [http-nio-8080-exec-4] INFO  c.e.employee.config.LoggingFilter - Incoming request: GET /v3/api-docs/swagger-config
2026-05-18 23:21:03 [http-nio-8080-exec-4] DEBUG c.e.employee.config.LoggingFilter - Header 'host' = localhost:8080
2026-05-18 23:21:03 [http-nio-8080-exec-4] DEBUG c.e.employee.config.LoggingFilter - Header 'user-agent' = Mozilla/5.0 (Windows NT 10.0; Win64; x64; rv:150.0) Gecko/20100101 Firefox/150.0
2026-05-18 23:21:03 [http-nio-8080-exec-4] DEBUG c.e.employee.config.LoggingFilter - Header 'accept' = */*
2026-05-18 23:21:03 [http-nio-8080-exec-4] DEBUG c.e.employee.config.LoggingFilter - Header 'accept-language' = es-MX,es;q=0.9,en-US;q=0.8,en;q=0.7
2026-05-18 23:21:03 [http-nio-8080-exec-4] DEBUG c.e.employee.config.LoggingFilter - Header 'accept-encoding' = gzip, deflate, br, zstd
2026-05-18 23:21:03 [http-nio-8080-exec-4] DEBUG c.e.employee.config.LoggingFilter - Header 'referer' = http://localhost:8080/swagger-ui/index.html
2026-05-18 23:21:03 [http-nio-8080-exec-4] DEBUG c.e.employee.config.LoggingFilter - Header 'connection' = keep-alive
2026-05-18 23:21:03 [http-nio-8080-exec-4] DEBUG c.e.employee.config.LoggingFilter - Header 'cookie' = JSESSIONID=595139CC24D11620FCCA29F5FB490534
2026-05-18 23:21:03 [http-nio-8080-exec-4] DEBUG c.e.employee.config.LoggingFilter - Header 'sec-fetch-dest' = empty
2026-05-18 23:21:03 [http-nio-8080-exec-4] DEBUG c.e.employee.config.LoggingFilter - Header 'sec-fetch-mode' = cors
2026-05-18 23:21:03 [http-nio-8080-exec-4] DEBUG c.e.employee.config.LoggingFilter - Header 'sec-fetch-site' = same-origin
2026-05-18 23:21:03 [http-nio-8080-exec-4] DEBUG c.e.employee.config.LoggingFilter - Header 'priority' = u=4
2026-05-18 23:21:03 [http-nio-8080-exec-4] INFO  c.e.employee.config.LoggingFilter - Response status: 200
2026-05-18 23:21:03 [http-nio-8080-exec-3] INFO  c.e.employee.config.LoggingFilter - Incoming request: GET /swagger-ui/favicon-32x32.png
2026-05-18 23:21:03 [http-nio-8080-exec-3] DEBUG c.e.employee.config.LoggingFilter - Header 'host' = localhost:8080
2026-05-18 23:21:03 [http-nio-8080-exec-3] DEBUG c.e.employee.config.LoggingFilter - Header 'user-agent' = Mozilla/5.0 (Windows NT 10.0; Win64; x64; rv:150.0) Gecko/20100101 Firefox/150.0
2026-05-18 23:21:03 [http-nio-8080-exec-3] DEBUG c.e.employee.config.LoggingFilter - Header 'accept' = image/avif,image/webp,image/png,image/svg+xml,image/*;q=0.8,*/*;q=0.5
2026-05-18 23:21:03 [http-nio-8080-exec-3] DEBUG c.e.employee.config.LoggingFilter - Header 'accept-language' = es-MX,es;q=0.9,en-US;q=0.8,en;q=0.7
2026-05-18 23:21:03 [http-nio-8080-exec-3] DEBUG c.e.employee.config.LoggingFilter - Header 'accept-encoding' = gzip, deflate, br, zstd
2026-05-18 23:21:03 [http-nio-8080-exec-3] DEBUG c.e.employee.config.LoggingFilter - Header 'connection' = keep-alive
2026-05-18 23:21:03 [http-nio-8080-exec-3] DEBUG c.e.employee.config.LoggingFilter - Header 'referer' = http://localhost:8080/swagger-ui/index.html
2026-05-18 23:21:03 [http-nio-8080-exec-3] DEBUG c.e.employee.config.LoggingFilter - Header 'cookie' = JSESSIONID=595139CC24D11620FCCA29F5FB490534
2026-05-18 23:21:03 [http-nio-8080-exec-3] DEBUG c.e.employee.config.LoggingFilter - Header 'sec-fetch-dest' = image
2026-05-18 23:21:03 [http-nio-8080-exec-3] DEBUG c.e.employee.config.LoggingFilter - Header 'sec-fetch-mode' = no-cors
2026-05-18 23:21:03 [http-nio-8080-exec-3] DEBUG c.e.employee.config.LoggingFilter - Header 'sec-fetch-site' = same-origin
2026-05-18 23:21:03 [http-nio-8080-exec-3] DEBUG c.e.employee.config.LoggingFilter - Header 'priority' = u=6
2026-05-18 23:21:03 [http-nio-8080-exec-3] DEBUG c.e.employee.config.LoggingFilter - Header 'pragma' = no-cache
2026-05-18 23:21:03 [http-nio-8080-exec-3] DEBUG c.e.employee.config.LoggingFilter - Header 'cache-control' = no-cache
2026-05-18 23:21:03 [http-nio-8080-exec-3] INFO  c.e.employee.config.LoggingFilter - Response status: 200
2026-05-18 23:21:03 [http-nio-8080-exec-5] INFO  c.e.employee.config.LoggingFilter - Incoming request: GET /v3/api-docs
2026-05-18 23:21:03 [http-nio-8080-exec-5] DEBUG c.e.employee.config.LoggingFilter - Header 'host' = localhost:8080
2026-05-18 23:21:03 [http-nio-8080-exec-5] DEBUG c.e.employee.config.LoggingFilter - Header 'user-agent' = Mozilla/5.0 (Windows NT 10.0; Win64; x64; rv:150.0) Gecko/20100101 Firefox/150.0
2026-05-18 23:21:03 [http-nio-8080-exec-5] DEBUG c.e.employee.config.LoggingFilter - Header 'accept' = application/json,*/*
2026-05-18 23:21:03 [http-nio-8080-exec-5] DEBUG c.e.employee.config.LoggingFilter - Header 'accept-language' = es-MX,es;q=0.9,en-US;q=0.8,en;q=0.7
2026-05-18 23:21:03 [http-nio-8080-exec-5] DEBUG c.e.employee.config.LoggingFilter - Header 'accept-encoding' = gzip, deflate, br, zstd
2026-05-18 23:21:03 [http-nio-8080-exec-5] DEBUG c.e.employee.config.LoggingFilter - Header 'referer' = http://localhost:8080/swagger-ui/index.html
2026-05-18 23:21:03 [http-nio-8080-exec-5] DEBUG c.e.employee.config.LoggingFilter - Header 'connection' = keep-alive
2026-05-18 23:21:03 [http-nio-8080-exec-5] DEBUG c.e.employee.config.LoggingFilter - Header 'cookie' = JSESSIONID=595139CC24D11620FCCA29F5FB490534
2026-05-18 23:21:03 [http-nio-8080-exec-5] DEBUG c.e.employee.config.LoggingFilter - Header 'sec-fetch-dest' = empty
2026-05-18 23:21:03 [http-nio-8080-exec-5] DEBUG c.e.employee.config.LoggingFilter - Header 'sec-fetch-mode' = cors
2026-05-18 23:21:03 [http-nio-8080-exec-5] DEBUG c.e.employee.config.LoggingFilter - Header 'sec-fetch-site' = same-origin
2026-05-18 23:21:03 [http-nio-8080-exec-5] DEBUG c.e.employee.config.LoggingFilter - Header 'priority' = u=4
2026-05-18 23:21:04 [http-nio-8080-exec-5] INFO  o.s.api.AbstractOpenApiResource - Init duration for springdoc-openapi is: 247 ms
2026-05-18 23:21:04 [http-nio-8080-exec-5] INFO  c.e.employee.config.LoggingFilter - Response status: 200
2026-05-18 23:29:48 [SpringApplicationShutdownHook] INFO  o.s.o.j.LocalContainerEntityManagerFactoryBean - Closing JPA EntityManagerFactory for persistence unit 'default'
2026-05-18 23:29:48 [SpringApplicationShutdownHook] INFO  com.zaxxer.hikari.HikariDataSource - HikariPool-1 - Shutdown initiated...
2026-05-18 23:29:49 [SpringApplicationShutdownHook] INFO  com.zaxxer.hikari.HikariDataSource - HikariPool-1 - Shutdown completed.
2026-05-18 23:29:52 [main] INFO  c.e.e.EmployeeServiceApplication - Starting EmployeeServiceApplication using Java 17.0.19 on K0771N_LENOVOI5 with PID 15620 (C:\Users\MARCO\IdeaProjects\employee-service\build\classes\java\main started by MARCO in C:\Users\MARCO\IdeaProjects\employee-service)
2026-05-18 23:29:52 [main] DEBUG c.e.e.EmployeeServiceApplication - Running with Spring Boot v2.7.18, Spring v5.3.31
2026-05-18 23:29:52 [main] INFO  c.e.e.EmployeeServiceApplication - The following 1 profile is active: "dev"
2026-05-18 23:29:53 [main] INFO  o.s.d.r.c.RepositoryConfigurationDelegate - Bootstrapping Spring Data JPA repositories in DEFAULT mode.
2026-05-18 23:29:53 [main] INFO  o.s.d.r.c.RepositoryConfigurationDelegate - Finished Spring Data repository scanning in 33 ms. Found 1 JPA repository interfaces.
2026-05-18 23:29:53 [main] INFO  o.s.b.w.e.tomcat.TomcatWebServer - Tomcat initialized with port(s): 8080 (http)
2026-05-18 23:29:53 [main] INFO  o.a.catalina.core.StandardService - Starting service [Tomcat]
2026-05-18 23:29:53 [main] INFO  o.a.catalina.core.StandardEngine - Starting Servlet engine: [Apache Tomcat/9.0.83]
2026-05-18 23:29:53 [main] INFO  o.a.c.c.C.[Tomcat].[localhost].[/] - Initializing Spring embedded WebApplicationContext
2026-05-18 23:29:53 [main] INFO  o.s.b.w.s.c.ServletWebServerApplicationContext - Root WebApplicationContext: initialization completed in 1044 ms
2026-05-18 23:29:53 [main] DEBUG c.e.employee.config.LoggingFilter - Filter 'loggingFilter' configured for use
2026-05-18 23:29:53 [main] INFO  o.h.jpa.internal.util.LogHelper - HHH000204: Processing PersistenceUnitInfo [name: default]
2026-05-18 23:29:53 [main] INFO  org.hibernate.Version - HHH000412: Hibernate ORM core version 5.6.15.Final
2026-05-18 23:29:54 [main] INFO  o.h.annotations.common.Version - HCANN000001: Hibernate Commons Annotations {5.1.2.Final}
2026-05-18 23:29:54 [main] INFO  com.zaxxer.hikari.HikariDataSource - HikariPool-1 - Starting...
2026-05-18 23:29:55 [main] INFO  com.zaxxer.hikari.HikariDataSource - HikariPool-1 - Start completed.
2026-05-18 23:29:55 [main] INFO  org.hibernate.dialect.Dialect - HHH000400: Using dialect: org.hibernate.dialect.MySQL8Dialect
2026-05-18 23:29:55 [main] INFO  o.h.e.t.j.p.i.JtaPlatformInitiator - HHH000490: Using JtaPlatform implementation: [org.hibernate.engine.transaction.jta.platform.internal.NoJtaPlatform]
2026-05-18 23:29:55 [main] INFO  o.s.o.j.LocalContainerEntityManagerFactoryBean - Initialized JPA EntityManagerFactory for persistence unit 'default'
2026-05-18 23:29:56 [main] INFO  o.s.s.web.DefaultSecurityFilterChain - Will secure any request with [org.springframework.security.web.session.DisableEncodeUrlFilter@2aa65672, org.springframework.security.web.context.request.async.WebAsyncManagerIntegrationFilter@2e96489b, org.springframework.security.web.context.SecurityContextPersistenceFilter@65234a9, org.springframework.security.web.header.HeaderWriterFilter@5b827796, org.springframework.security.web.authentication.logout.LogoutFilter@7bbe852a, org.springframework.security.web.authentication.www.BasicAuthenticationFilter@45482f82, org.springframework.security.web.savedrequest.RequestCacheAwareFilter@c19bb2a, org.springframework.security.web.servletapi.SecurityContextHolderAwareRequestFilter@3599b18, org.springframework.security.web.authentication.AnonymousAuthenticationFilter@56ed2baf, org.springframework.security.web.session.SessionManagementFilter@36ce0bc2, org.springframework.security.web.access.ExceptionTranslationFilter@1e489957, org.springframework.security.web.access.intercept.FilterSecurityInterceptor@4549d616]
2026-05-18 23:29:56 [main] WARN  o.s.b.a.o.j.JpaBaseConfiguration$JpaWebConfiguration - spring.jpa.open-in-view is enabled by default. Therefore, database queries may be performed during view rendering. Explicitly configure spring.jpa.open-in-view to disable this warning
2026-05-18 23:29:56 [main] INFO  o.s.b.a.e.web.EndpointLinksResolver - Exposing 2 endpoint(s) beneath base path '/actuator'
2026-05-18 23:29:56 [main] INFO  o.s.b.w.e.tomcat.TomcatWebServer - Tomcat started on port(s): 8080 (http) with context path ''
2026-05-18 23:29:56 [main] INFO  c.e.e.EmployeeServiceApplication - Started EmployeeServiceApplication in 4.261 seconds (JVM running for 4.636)
2026-05-18 23:29:57 [RMI TCP Connection(3)-192.168.1.123] INFO  o.a.c.c.C.[Tomcat].[localhost].[/] - Initializing Spring DispatcherServlet 'dispatcherServlet'
2026-05-18 23:29:57 [RMI TCP Connection(3)-192.168.1.123] INFO  o.s.web.servlet.DispatcherServlet - Initializing Servlet 'dispatcherServlet'
2026-05-18 23:29:57 [RMI TCP Connection(3)-192.168.1.123] INFO  o.s.web.servlet.DispatcherServlet - Completed initialization in 2 ms
2026-05-18 23:29:59 [http-nio-8080-exec-1] INFO  c.e.employee.config.LoggingFilter - Incoming request: GET /swagger-ui/index.html
2026-05-18 23:29:59 [http-nio-8080-exec-1] DEBUG c.e.employee.config.LoggingFilter - Header 'host' = localhost:8080
2026-05-18 23:29:59 [http-nio-8080-exec-1] DEBUG c.e.employee.config.LoggingFilter - Header 'user-agent' = Mozilla/5.0 (Windows NT 10.0; Win64; x64; rv:150.0) Gecko/20100101 Firefox/150.0
2026-05-18 23:29:59 [http-nio-8080-exec-1] DEBUG c.e.employee.config.LoggingFilter - Header 'accept' = text/html,application/xhtml+xml,application/xml;q=0.9,*/*;q=0.8
2026-05-18 23:29:59 [http-nio-8080-exec-1] DEBUG c.e.employee.config.LoggingFilter - Header 'accept-language' = es-MX,es;q=0.9,en-US;q=0.8,en;q=0.7
2026-05-18 23:29:59 [http-nio-8080-exec-1] DEBUG c.e.employee.config.LoggingFilter - Header 'accept-encoding' = gzip, deflate, br, zstd
2026-05-18 23:29:59 [http-nio-8080-exec-1] DEBUG c.e.employee.config.LoggingFilter - Header 'connection' = keep-alive
2026-05-18 23:29:59 [http-nio-8080-exec-1] DEBUG c.e.employee.config.LoggingFilter - Header 'cookie' = JSESSIONID=595139CC24D11620FCCA29F5FB490534
2026-05-18 23:29:59 [http-nio-8080-exec-1] DEBUG c.e.employee.config.LoggingFilter - Header 'upgrade-insecure-requests' = 1
2026-05-18 23:29:59 [http-nio-8080-exec-1] DEBUG c.e.employee.config.LoggingFilter - Header 'sec-fetch-dest' = document
2026-05-18 23:29:59 [http-nio-8080-exec-1] DEBUG c.e.employee.config.LoggingFilter - Header 'sec-fetch-mode' = navigate
2026-05-18 23:29:59 [http-nio-8080-exec-1] DEBUG c.e.employee.config.LoggingFilter - Header 'sec-fetch-site' = none
2026-05-18 23:29:59 [http-nio-8080-exec-1] DEBUG c.e.employee.config.LoggingFilter - Header 'sec-fetch-user' = ?1
2026-05-18 23:29:59 [http-nio-8080-exec-1] DEBUG c.e.employee.config.LoggingFilter - Header 'priority' = u=0, i
2026-05-18 23:29:59 [http-nio-8080-exec-1] DEBUG c.e.employee.config.LoggingFilter - Header 'pragma' = no-cache
2026-05-18 23:29:59 [http-nio-8080-exec-1] DEBUG c.e.employee.config.LoggingFilter - Header 'cache-control' = no-cache
2026-05-18 23:29:59 [http-nio-8080-exec-1] INFO  c.e.employee.config.LoggingFilter - Response status: 200
2026-05-18 23:29:59 [http-nio-8080-exec-3] INFO  c.e.employee.config.LoggingFilter - Incoming request: GET /swagger-ui/swagger-ui.css
2026-05-18 23:29:59 [http-nio-8080-exec-3] DEBUG c.e.employee.config.LoggingFilter - Header 'host' = localhost:8080
2026-05-18 23:29:59 [http-nio-8080-exec-4] INFO  c.e.employee.config.LoggingFilter - Incoming request: GET /swagger-ui/swagger-ui-standalone-preset.js
2026-05-18 23:29:59 [http-nio-8080-exec-9] INFO  c.e.employee.config.LoggingFilter - Incoming request: GET /swagger-ui/index.css
2026-05-18 23:29:59 [http-nio-8080-exec-4] DEBUG c.e.employee.config.LoggingFilter - Header 'host' = localhost:8080
2026-05-18 23:29:59 [http-nio-8080-exec-6] INFO  c.e.employee.config.LoggingFilter - Incoming request: GET /swagger-ui/swagger-initializer.js
2026-05-18 23:29:59 [http-nio-8080-exec-3] DEBUG c.e.employee.config.LoggingFilter - Header 'user-agent' = Mozilla/5.0 (Windows NT 10.0; Win64; x64; rv:150.0) Gecko/20100101 Firefox/150.0
2026-05-18 23:29:59 [http-nio-8080-exec-4] DEBUG c.e.employee.config.LoggingFilter - Header 'user-agent' = Mozilla/5.0 (Windows NT 10.0; Win64; x64; rv:150.0) Gecko/20100101 Firefox/150.0
2026-05-18 23:29:59 [http-nio-8080-exec-6] DEBUG c.e.employee.config.LoggingFilter - Header 'host' = localhost:8080
2026-05-18 23:29:59 [http-nio-8080-exec-3] DEBUG c.e.employee.config.LoggingFilter - Header 'accept' = text/css,*/*;q=0.1
2026-05-18 23:29:59 [http-nio-8080-exec-5] INFO  c.e.employee.config.LoggingFilter - Incoming request: GET /swagger-ui/swagger-ui-bundle.js
2026-05-18 23:29:59 [http-nio-8080-exec-4] DEBUG c.e.employee.config.LoggingFilter - Header 'accept' = */*
2026-05-18 23:29:59 [http-nio-8080-exec-6] DEBUG c.e.employee.config.LoggingFilter - Header 'user-agent' = Mozilla/5.0 (Windows NT 10.0; Win64; x64; rv:150.0) Gecko/20100101 Firefox/150.0
2026-05-18 23:29:59 [http-nio-8080-exec-3] DEBUG c.e.employee.config.LoggingFilter - Header 'accept-language' = es-MX,es;q=0.9,en-US;q=0.8,en;q=0.7
2026-05-18 23:29:59 [http-nio-8080-exec-4] DEBUG c.e.employee.config.LoggingFilter - Header 'accept-language' = es-MX,es;q=0.9,en-US;q=0.8,en;q=0.7
2026-05-18 23:29:59 [http-nio-8080-exec-9] DEBUG c.e.employee.config.LoggingFilter - Header 'host' = localhost:8080
2026-05-18 23:29:59 [http-nio-8080-exec-6] DEBUG c.e.employee.config.LoggingFilter - Header 'accept' = */*
2026-05-18 23:29:59 [http-nio-8080-exec-9] DEBUG c.e.employee.config.LoggingFilter - Header 'user-agent' = Mozilla/5.0 (Windows NT 10.0; Win64; x64; rv:150.0) Gecko/20100101 Firefox/150.0
2026-05-18 23:29:59 [http-nio-8080-exec-4] DEBUG c.e.employee.config.LoggingFilter - Header 'accept-encoding' = gzip, deflate, br, zstd
2026-05-18 23:29:59 [http-nio-8080-exec-3] DEBUG c.e.employee.config.LoggingFilter - Header 'accept-encoding' = gzip, deflate, br, zstd
2026-05-18 23:29:59 [http-nio-8080-exec-4] DEBUG c.e.employee.config.LoggingFilter - Header 'connection' = keep-alive
2026-05-18 23:29:59 [http-nio-8080-exec-3] DEBUG c.e.employee.config.LoggingFilter - Header 'connection' = keep-alive
2026-05-18 23:29:59 [http-nio-8080-exec-5] DEBUG c.e.employee.config.LoggingFilter - Header 'host' = localhost:8080
2026-05-18 23:29:59 [http-nio-8080-exec-6] DEBUG c.e.employee.config.LoggingFilter - Header 'accept-language' = es-MX,es;q=0.9,en-US;q=0.8,en;q=0.7
2026-05-18 23:29:59 [http-nio-8080-exec-9] DEBUG c.e.employee.config.LoggingFilter - Header 'accept' = text/css,*/*;q=0.1
2026-05-18 23:29:59 [http-nio-8080-exec-3] DEBUG c.e.employee.config.LoggingFilter - Header 'referer' = http://localhost:8080/swagger-ui/index.html
2026-05-18 23:29:59 [http-nio-8080-exec-9] DEBUG c.e.employee.config.LoggingFilter - Header 'accept-language' = es-MX,es;q=0.9,en-US;q=0.8,en;q=0.7
2026-05-18 23:29:59 [http-nio-8080-exec-6] DEBUG c.e.employee.config.LoggingFilter - Header 'accept-encoding' = gzip, deflate, br, zstd
2026-05-18 23:29:59 [http-nio-8080-exec-4] DEBUG c.e.employee.config.LoggingFilter - Header 'referer' = http://localhost:8080/swagger-ui/index.html
2026-05-18 23:29:59 [http-nio-8080-exec-9] DEBUG c.e.employee.config.LoggingFilter - Header 'accept-encoding' = gzip, deflate, br, zstd
2026-05-18 23:29:59 [http-nio-8080-exec-5] DEBUG c.e.employee.config.LoggingFilter - Header 'user-agent' = Mozilla/5.0 (Windows NT 10.0; Win64; x64; rv:150.0) Gecko/20100101 Firefox/150.0
2026-05-18 23:29:59 [http-nio-8080-exec-4] DEBUG c.e.employee.config.LoggingFilter - Header 'cookie' = JSESSIONID=595139CC24D11620FCCA29F5FB490534
2026-05-18 23:29:59 [http-nio-8080-exec-5] DEBUG c.e.employee.config.LoggingFilter - Header 'accept' = */*
2026-05-18 23:29:59 [http-nio-8080-exec-3] DEBUG c.e.employee.config.LoggingFilter - Header 'cookie' = JSESSIONID=595139CC24D11620FCCA29F5FB490534
2026-05-18 23:29:59 [http-nio-8080-exec-9] DEBUG c.e.employee.config.LoggingFilter - Header 'connection' = keep-alive
2026-05-18 23:29:59 [http-nio-8080-exec-6] DEBUG c.e.employee.config.LoggingFilter - Header 'connection' = keep-alive
2026-05-18 23:29:59 [http-nio-8080-exec-9] DEBUG c.e.employee.config.LoggingFilter - Header 'referer' = http://localhost:8080/swagger-ui/index.html
2026-05-18 23:29:59 [http-nio-8080-exec-4] DEBUG c.e.employee.config.LoggingFilter - Header 'sec-fetch-dest' = script
2026-05-18 23:29:59 [http-nio-8080-exec-9] DEBUG c.e.employee.config.LoggingFilter - Header 'cookie' = JSESSIONID=595139CC24D11620FCCA29F5FB490534
2026-05-18 23:29:59 [http-nio-8080-exec-5] DEBUG c.e.employee.config.LoggingFilter - Header 'accept-language' = es-MX,es;q=0.9,en-US;q=0.8,en;q=0.7
2026-05-18 23:29:59 [http-nio-8080-exec-6] DEBUG c.e.employee.config.LoggingFilter - Header 'referer' = http://localhost:8080/swagger-ui/index.html
2026-05-18 23:29:59 [http-nio-8080-exec-3] DEBUG c.e.employee.config.LoggingFilter - Header 'sec-fetch-dest' = style
2026-05-18 23:29:59 [http-nio-8080-exec-4] DEBUG c.e.employee.config.LoggingFilter - Header 'sec-fetch-mode' = no-cors
2026-05-18 23:29:59 [http-nio-8080-exec-9] DEBUG c.e.employee.config.LoggingFilter - Header 'sec-fetch-dest' = style
2026-05-18 23:29:59 [http-nio-8080-exec-6] DEBUG c.e.employee.config.LoggingFilter - Header 'cookie' = JSESSIONID=595139CC24D11620FCCA29F5FB490534
2026-05-18 23:29:59 [http-nio-8080-exec-3] DEBUG c.e.employee.config.LoggingFilter - Header 'sec-fetch-mode' = no-cors
2026-05-18 23:29:59 [http-nio-8080-exec-4] DEBUG c.e.employee.config.LoggingFilter - Header 'sec-fetch-site' = same-origin
2026-05-18 23:29:59 [http-nio-8080-exec-5] DEBUG c.e.employee.config.LoggingFilter - Header 'accept-encoding' = gzip, deflate, br, zstd
2026-05-18 23:29:59 [http-nio-8080-exec-3] DEBUG c.e.employee.config.LoggingFilter - Header 'sec-fetch-site' = same-origin
2026-05-18 23:29:59 [http-nio-8080-exec-6] DEBUG c.e.employee.config.LoggingFilter - Header 'sec-fetch-dest' = script
2026-05-18 23:29:59 [http-nio-8080-exec-4] DEBUG c.e.employee.config.LoggingFilter - Header 'pragma' = no-cache
2026-05-18 23:29:59 [http-nio-8080-exec-6] DEBUG c.e.employee.config.LoggingFilter - Header 'sec-fetch-mode' = no-cors
2026-05-18 23:29:59 [http-nio-8080-exec-5] DEBUG c.e.employee.config.LoggingFilter - Header 'connection' = keep-alive
2026-05-18 23:29:59 [http-nio-8080-exec-4] DEBUG c.e.employee.config.LoggingFilter - Header 'cache-control' = no-cache
2026-05-18 23:29:59 [http-nio-8080-exec-9] DEBUG c.e.employee.config.LoggingFilter - Header 'sec-fetch-mode' = no-cors
2026-05-18 23:29:59 [http-nio-8080-exec-6] DEBUG c.e.employee.config.LoggingFilter - Header 'sec-fetch-site' = same-origin
2026-05-18 23:29:59 [http-nio-8080-exec-3] DEBUG c.e.employee.config.LoggingFilter - Header 'priority' = u=2
2026-05-18 23:29:59 [http-nio-8080-exec-5] DEBUG c.e.employee.config.LoggingFilter - Header 'referer' = http://localhost:8080/swagger-ui/index.html
2026-05-18 23:29:59 [http-nio-8080-exec-6] DEBUG c.e.employee.config.LoggingFilter - Header 'pragma' = no-cache
2026-05-18 23:29:59 [http-nio-8080-exec-5] DEBUG c.e.employee.config.LoggingFilter - Header 'cookie' = JSESSIONID=595139CC24D11620FCCA29F5FB490534
2026-05-18 23:29:59 [http-nio-8080-exec-3] DEBUG c.e.employee.config.LoggingFilter - Header 'pragma' = no-cache
2026-05-18 23:29:59 [http-nio-8080-exec-9] DEBUG c.e.employee.config.LoggingFilter - Header 'sec-fetch-site' = same-origin
2026-05-18 23:29:59 [http-nio-8080-exec-6] DEBUG c.e.employee.config.LoggingFilter - Header 'cache-control' = no-cache
2026-05-18 23:29:59 [http-nio-8080-exec-9] DEBUG c.e.employee.config.LoggingFilter - Header 'priority' = u=2
2026-05-18 23:29:59 [http-nio-8080-exec-5] DEBUG c.e.employee.config.LoggingFilter - Header 'sec-fetch-dest' = script
2026-05-18 23:29:59 [http-nio-8080-exec-9] DEBUG c.e.employee.config.LoggingFilter - Header 'pragma' = no-cache
2026-05-18 23:29:59 [http-nio-8080-exec-3] DEBUG c.e.employee.config.LoggingFilter - Header 'cache-control' = no-cache
2026-05-18 23:29:59 [http-nio-8080-exec-5] DEBUG c.e.employee.config.LoggingFilter - Header 'sec-fetch-mode' = no-cors
2026-05-18 23:29:59 [http-nio-8080-exec-9] DEBUG c.e.employee.config.LoggingFilter - Header 'cache-control' = no-cache
2026-05-18 23:29:59 [http-nio-8080-exec-5] DEBUG c.e.employee.config.LoggingFilter - Header 'sec-fetch-site' = same-origin
2026-05-18 23:29:59 [http-nio-8080-exec-5] DEBUG c.e.employee.config.LoggingFilter - Header 'pragma' = no-cache
2026-05-18 23:29:59 [http-nio-8080-exec-5] DEBUG c.e.employee.config.LoggingFilter - Header 'cache-control' = no-cache
2026-05-18 23:29:59 [http-nio-8080-exec-9] INFO  c.e.employee.config.LoggingFilter - Response status: 200
2026-05-18 23:29:59 [http-nio-8080-exec-3] INFO  c.e.employee.config.LoggingFilter - Response status: 200
2026-05-18 23:29:59 [http-nio-8080-exec-4] INFO  c.e.employee.config.LoggingFilter - Response status: 200
2026-05-18 23:29:59 [http-nio-8080-exec-6] INFO  c.e.employee.config.LoggingFilter - Response status: 200
2026-05-18 23:29:59 [http-nio-8080-exec-5] INFO  c.e.employee.config.LoggingFilter - Response status: 200
2026-05-18 23:29:59 [http-nio-8080-exec-7] INFO  c.e.employee.config.LoggingFilter - Incoming request: GET /v3/api-docs/swagger-config
2026-05-18 23:29:59 [http-nio-8080-exec-7] DEBUG c.e.employee.config.LoggingFilter - Header 'host' = localhost:8080
2026-05-18 23:29:59 [http-nio-8080-exec-7] DEBUG c.e.employee.config.LoggingFilter - Header 'user-agent' = Mozilla/5.0 (Windows NT 10.0; Win64; x64; rv:150.0) Gecko/20100101 Firefox/150.0
2026-05-18 23:29:59 [http-nio-8080-exec-7] DEBUG c.e.employee.config.LoggingFilter - Header 'accept' = */*
2026-05-18 23:29:59 [http-nio-8080-exec-7] DEBUG c.e.employee.config.LoggingFilter - Header 'accept-language' = es-MX,es;q=0.9,en-US;q=0.8,en;q=0.7
2026-05-18 23:29:59 [http-nio-8080-exec-7] DEBUG c.e.employee.config.LoggingFilter - Header 'accept-encoding' = gzip, deflate, br, zstd
2026-05-18 23:29:59 [http-nio-8080-exec-7] DEBUG c.e.employee.config.LoggingFilter - Header 'referer' = http://localhost:8080/swagger-ui/index.html
2026-05-18 23:29:59 [http-nio-8080-exec-7] DEBUG c.e.employee.config.LoggingFilter - Header 'connection' = keep-alive
2026-05-18 23:29:59 [http-nio-8080-exec-7] DEBUG c.e.employee.config.LoggingFilter - Header 'cookie' = JSESSIONID=595139CC24D11620FCCA29F5FB490534
2026-05-18 23:29:59 [http-nio-8080-exec-7] DEBUG c.e.employee.config.LoggingFilter - Header 'sec-fetch-dest' = empty
2026-05-18 23:29:59 [http-nio-8080-exec-7] DEBUG c.e.employee.config.LoggingFilter - Header 'sec-fetch-mode' = cors
2026-05-18 23:29:59 [http-nio-8080-exec-7] DEBUG c.e.employee.config.LoggingFilter - Header 'sec-fetch-site' = same-origin
2026-05-18 23:29:59 [http-nio-8080-exec-7] DEBUG c.e.employee.config.LoggingFilter - Header 'priority' = u=4
2026-05-18 23:29:59 [http-nio-8080-exec-7] INFO  c.e.employee.config.LoggingFilter - Response status: 200
2026-05-18 23:29:59 [http-nio-8080-exec-8] INFO  c.e.employee.config.LoggingFilter - Incoming request: GET /swagger-ui/favicon-32x32.png
2026-05-18 23:29:59 [http-nio-8080-exec-8] DEBUG c.e.employee.config.LoggingFilter - Header 'host' = localhost:8080
2026-05-18 23:29:59 [http-nio-8080-exec-8] DEBUG c.e.employee.config.LoggingFilter - Header 'user-agent' = Mozilla/5.0 (Windows NT 10.0; Win64; x64; rv:150.0) Gecko/20100101 Firefox/150.0
2026-05-18 23:29:59 [http-nio-8080-exec-8] DEBUG c.e.employee.config.LoggingFilter - Header 'accept' = image/avif,image/webp,image/png,image/svg+xml,image/*;q=0.8,*/*;q=0.5
2026-05-18 23:29:59 [http-nio-8080-exec-8] DEBUG c.e.employee.config.LoggingFilter - Header 'accept-language' = es-MX,es;q=0.9,en-US;q=0.8,en;q=0.7
2026-05-18 23:29:59 [http-nio-8080-exec-8] DEBUG c.e.employee.config.LoggingFilter - Header 'accept-encoding' = gzip, deflate, br, zstd
2026-05-18 23:29:59 [http-nio-8080-exec-8] DEBUG c.e.employee.config.LoggingFilter - Header 'connection' = keep-alive
2026-05-18 23:29:59 [http-nio-8080-exec-8] DEBUG c.e.employee.config.LoggingFilter - Header 'referer' = http://localhost:8080/swagger-ui/index.html
2026-05-18 23:29:59 [http-nio-8080-exec-8] DEBUG c.e.employee.config.LoggingFilter - Header 'cookie' = JSESSIONID=595139CC24D11620FCCA29F5FB490534
2026-05-18 23:29:59 [http-nio-8080-exec-8] DEBUG c.e.employee.config.LoggingFilter - Header 'sec-fetch-dest' = image
2026-05-18 23:29:59 [http-nio-8080-exec-8] DEBUG c.e.employee.config.LoggingFilter - Header 'sec-fetch-mode' = no-cors
2026-05-18 23:29:59 [http-nio-8080-exec-8] DEBUG c.e.employee.config.LoggingFilter - Header 'sec-fetch-site' = same-origin
2026-05-18 23:29:59 [http-nio-8080-exec-8] DEBUG c.e.employee.config.LoggingFilter - Header 'priority' = u=6
2026-05-18 23:29:59 [http-nio-8080-exec-8] DEBUG c.e.employee.config.LoggingFilter - Header 'pragma' = no-cache
2026-05-18 23:29:59 [http-nio-8080-exec-8] DEBUG c.e.employee.config.LoggingFilter - Header 'cache-control' = no-cache
2026-05-18 23:29:59 [http-nio-8080-exec-8] INFO  c.e.employee.config.LoggingFilter - Response status: 200
2026-05-18 23:29:59 [http-nio-8080-exec-2] INFO  c.e.employee.config.LoggingFilter - Incoming request: GET /v3/api-docs
2026-05-18 23:29:59 [http-nio-8080-exec-2] DEBUG c.e.employee.config.LoggingFilter - Header 'host' = localhost:8080
2026-05-18 23:29:59 [http-nio-8080-exec-2] DEBUG c.e.employee.config.LoggingFilter - Header 'user-agent' = Mozilla/5.0 (Windows NT 10.0; Win64; x64; rv:150.0) Gecko/20100101 Firefox/150.0
2026-05-18 23:29:59 [http-nio-8080-exec-2] DEBUG c.e.employee.config.LoggingFilter - Header 'accept' = application/json,*/*
2026-05-18 23:29:59 [http-nio-8080-exec-2] DEBUG c.e.employee.config.LoggingFilter - Header 'accept-language' = es-MX,es;q=0.9,en-US;q=0.8,en;q=0.7
2026-05-18 23:29:59 [http-nio-8080-exec-2] DEBUG c.e.employee.config.LoggingFilter - Header 'accept-encoding' = gzip, deflate, br, zstd
2026-05-18 23:29:59 [http-nio-8080-exec-2] DEBUG c.e.employee.config.LoggingFilter - Header 'referer' = http://localhost:8080/swagger-ui/index.html
2026-05-18 23:29:59 [http-nio-8080-exec-2] DEBUG c.e.employee.config.LoggingFilter - Header 'connection' = keep-alive
2026-05-18 23:29:59 [http-nio-8080-exec-2] DEBUG c.e.employee.config.LoggingFilter - Header 'cookie' = JSESSIONID=595139CC24D11620FCCA29F5FB490534
2026-05-18 23:29:59 [http-nio-8080-exec-2] DEBUG c.e.employee.config.LoggingFilter - Header 'sec-fetch-dest' = empty
2026-05-18 23:29:59 [http-nio-8080-exec-2] DEBUG c.e.employee.config.LoggingFilter - Header 'sec-fetch-mode' = cors
2026-05-18 23:29:59 [http-nio-8080-exec-2] DEBUG c.e.employee.config.LoggingFilter - Header 'sec-fetch-site' = same-origin
2026-05-18 23:29:59 [http-nio-8080-exec-2] DEBUG c.e.employee.config.LoggingFilter - Header 'priority' = u=4
2026-05-18 23:29:59 [http-nio-8080-exec-2] INFO  o.s.api.AbstractOpenApiResource - Init duration for springdoc-openapi is: 244 ms
2026-05-18 23:29:59 [http-nio-8080-exec-2] INFO  c.e.employee.config.LoggingFilter - Response status: 200
2026-05-18 23:30:00 [http-nio-8080-exec-6] INFO  c.e.employee.config.LoggingFilter - Incoming request: GET /swagger-ui/index.html
2026-05-18 23:30:00 [http-nio-8080-exec-6] DEBUG c.e.employee.config.LoggingFilter - Header 'host' = localhost:8080
2026-05-18 23:30:00 [http-nio-8080-exec-6] DEBUG c.e.employee.config.LoggingFilter - Header 'user-agent' = Mozilla/5.0 (Windows NT 10.0; Win64; x64; rv:150.0) Gecko/20100101 Firefox/150.0
2026-05-18 23:30:00 [http-nio-8080-exec-6] DEBUG c.e.employee.config.LoggingFilter - Header 'accept' = text/html,application/xhtml+xml,application/xml;q=0.9,*/*;q=0.8
2026-05-18 23:30:00 [http-nio-8080-exec-6] DEBUG c.e.employee.config.LoggingFilter - Header 'accept-language' = es-MX,es;q=0.9,en-US;q=0.8,en;q=0.7
2026-05-18 23:30:00 [http-nio-8080-exec-6] DEBUG c.e.employee.config.LoggingFilter - Header 'accept-encoding' = gzip, deflate, br, zstd
2026-05-18 23:30:00 [http-nio-8080-exec-6] DEBUG c.e.employee.config.LoggingFilter - Header 'connection' = keep-alive
2026-05-18 23:30:00 [http-nio-8080-exec-6] DEBUG c.e.employee.config.LoggingFilter - Header 'cookie' = JSESSIONID=595139CC24D11620FCCA29F5FB490534
2026-05-18 23:30:00 [http-nio-8080-exec-6] DEBUG c.e.employee.config.LoggingFilter - Header 'upgrade-insecure-requests' = 1
2026-05-18 23:30:00 [http-nio-8080-exec-6] DEBUG c.e.employee.config.LoggingFilter - Header 'sec-fetch-dest' = document
2026-05-18 23:30:00 [http-nio-8080-exec-6] DEBUG c.e.employee.config.LoggingFilter - Header 'sec-fetch-mode' = navigate
2026-05-18 23:30:00 [http-nio-8080-exec-6] DEBUG c.e.employee.config.LoggingFilter - Header 'sec-fetch-site' = none
2026-05-18 23:30:00 [http-nio-8080-exec-6] DEBUG c.e.employee.config.LoggingFilter - Header 'sec-fetch-user' = ?1
2026-05-18 23:30:00 [http-nio-8080-exec-6] DEBUG c.e.employee.config.LoggingFilter - Header 'priority' = u=0, i
2026-05-18 23:30:00 [http-nio-8080-exec-6] DEBUG c.e.employee.config.LoggingFilter - Header 'pragma' = no-cache
2026-05-18 23:30:00 [http-nio-8080-exec-6] DEBUG c.e.employee.config.LoggingFilter - Header 'cache-control' = no-cache
2026-05-18 23:30:00 [http-nio-8080-exec-6] INFO  c.e.employee.config.LoggingFilter - Response status: 200
2026-05-18 23:30:00 [http-nio-8080-exec-5] INFO  c.e.employee.config.LoggingFilter - Incoming request: GET /swagger-ui/swagger-ui.css
2026-05-18 23:30:00 [http-nio-8080-exec-8] INFO  c.e.employee.config.LoggingFilter - Incoming request: GET /swagger-ui/swagger-ui-bundle.js
2026-05-18 23:30:00 [http-nio-8080-exec-7] INFO  c.e.employee.config.LoggingFilter - Incoming request: GET /swagger-ui/index.css
2026-05-18 23:30:00 [http-nio-8080-exec-5] DEBUG c.e.employee.config.LoggingFilter - Header 'host' = localhost:8080
2026-05-18 23:30:00 [http-nio-8080-exec-8] DEBUG c.e.employee.config.LoggingFilter - Header 'host' = localhost:8080
2026-05-18 23:30:00 [http-nio-8080-exec-7] DEBUG c.e.employee.config.LoggingFilter - Header 'host' = localhost:8080
2026-05-18 23:30:00 [http-nio-8080-exec-2] INFO  c.e.employee.config.LoggingFilter - Incoming request: GET /swagger-ui/swagger-ui-standalone-preset.js
2026-05-18 23:30:00 [http-nio-8080-exec-3] INFO  c.e.employee.config.LoggingFilter - Incoming request: GET /swagger-ui/swagger-initializer.js
2026-05-18 23:30:00 [http-nio-8080-exec-5] DEBUG c.e.employee.config.LoggingFilter - Header 'user-agent' = Mozilla/5.0 (Windows NT 10.0; Win64; x64; rv:150.0) Gecko/20100101 Firefox/150.0
2026-05-18 23:30:00 [http-nio-8080-exec-5] DEBUG c.e.employee.config.LoggingFilter - Header 'accept' = text/css,*/*;q=0.1
2026-05-18 23:30:00 [http-nio-8080-exec-5] DEBUG c.e.employee.config.LoggingFilter - Header 'accept-language' = es-MX,es;q=0.9,en-US;q=0.8,en;q=0.7
2026-05-18 23:30:00 [http-nio-8080-exec-5] DEBUG c.e.employee.config.LoggingFilter - Header 'accept-encoding' = gzip, deflate, br, zstd
2026-05-18 23:30:00 [http-nio-8080-exec-3] DEBUG c.e.employee.config.LoggingFilter - Header 'host' = localhost:8080
2026-05-18 23:30:00 [http-nio-8080-exec-5] DEBUG c.e.employee.config.LoggingFilter - Header 'connection' = keep-alive
2026-05-18 23:30:00 [http-nio-8080-exec-2] DEBUG c.e.employee.config.LoggingFilter - Header 'host' = localhost:8080
2026-05-18 23:30:00 [http-nio-8080-exec-7] DEBUG c.e.employee.config.LoggingFilter - Header 'user-agent' = Mozilla/5.0 (Windows NT 10.0; Win64; x64; rv:150.0) Gecko/20100101 Firefox/150.0
2026-05-18 23:30:00 [http-nio-8080-exec-8] DEBUG c.e.employee.config.LoggingFilter - Header 'user-agent' = Mozilla/5.0 (Windows NT 10.0; Win64; x64; rv:150.0) Gecko/20100101 Firefox/150.0
2026-05-18 23:30:00 [http-nio-8080-exec-3] DEBUG c.e.employee.config.LoggingFilter - Header 'user-agent' = Mozilla/5.0 (Windows NT 10.0; Win64; x64; rv:150.0) Gecko/20100101 Firefox/150.0
2026-05-18 23:30:00 [http-nio-8080-exec-5] DEBUG c.e.employee.config.LoggingFilter - Header 'referer' = http://localhost:8080/swagger-ui/index.html
2026-05-18 23:30:00 [http-nio-8080-exec-2] DEBUG c.e.employee.config.LoggingFilter - Header 'user-agent' = Mozilla/5.0 (Windows NT 10.0; Win64; x64; rv:150.0) Gecko/20100101 Firefox/150.0
2026-05-18 23:30:00 [http-nio-8080-exec-5] DEBUG c.e.employee.config.LoggingFilter - Header 'cookie' = JSESSIONID=595139CC24D11620FCCA29F5FB490534
2026-05-18 23:30:00 [http-nio-8080-exec-2] DEBUG c.e.employee.config.LoggingFilter - Header 'accept' = */*
2026-05-18 23:30:00 [http-nio-8080-exec-3] DEBUG c.e.employee.config.LoggingFilter - Header 'accept' = */*
2026-05-18 23:30:00 [http-nio-8080-exec-7] DEBUG c.e.employee.config.LoggingFilter - Header 'accept' = text/css,*/*;q=0.1
2026-05-18 23:30:00 [http-nio-8080-exec-5] DEBUG c.e.employee.config.LoggingFilter - Header 'sec-fetch-dest' = style
2026-05-18 23:30:00 [http-nio-8080-exec-8] DEBUG c.e.employee.config.LoggingFilter - Header 'accept' = */*
2026-05-18 23:30:00 [http-nio-8080-exec-5] DEBUG c.e.employee.config.LoggingFilter - Header 'sec-fetch-mode' = no-cors
2026-05-18 23:30:00 [http-nio-8080-exec-7] DEBUG c.e.employee.config.LoggingFilter - Header 'accept-language' = es-MX,es;q=0.9,en-US;q=0.8,en;q=0.7
2026-05-18 23:30:00 [http-nio-8080-exec-8] DEBUG c.e.employee.config.LoggingFilter - Header 'accept-language' = es-MX,es;q=0.9,en-US;q=0.8,en;q=0.7
2026-05-18 23:30:00 [http-nio-8080-exec-7] DEBUG c.e.employee.config.LoggingFilter - Header 'accept-encoding' = gzip, deflate, br, zstd
2026-05-18 23:30:00 [http-nio-8080-exec-7] DEBUG c.e.employee.config.LoggingFilter - Header 'connection' = keep-alive
2026-05-18 23:30:00 [http-nio-8080-exec-3] DEBUG c.e.employee.config.LoggingFilter - Header 'accept-language' = es-MX,es;q=0.9,en-US;q=0.8,en;q=0.7
2026-05-18 23:30:00 [http-nio-8080-exec-2] DEBUG c.e.employee.config.LoggingFilter - Header 'accept-language' = es-MX,es;q=0.9,en-US;q=0.8,en;q=0.7
2026-05-18 23:30:00 [http-nio-8080-exec-7] DEBUG c.e.employee.config.LoggingFilter - Header 'referer' = http://localhost:8080/swagger-ui/index.html
2026-05-18 23:30:00 [http-nio-8080-exec-5] DEBUG c.e.employee.config.LoggingFilter - Header 'sec-fetch-site' = same-origin
2026-05-18 23:30:00 [http-nio-8080-exec-2] DEBUG c.e.employee.config.LoggingFilter - Header 'accept-encoding' = gzip, deflate, br, zstd
2026-05-18 23:30:00 [http-nio-8080-exec-7] DEBUG c.e.employee.config.LoggingFilter - Header 'cookie' = JSESSIONID=595139CC24D11620FCCA29F5FB490534
2026-05-18 23:30:00 [http-nio-8080-exec-2] DEBUG c.e.employee.config.LoggingFilter - Header 'connection' = keep-alive
2026-05-18 23:30:00 [http-nio-8080-exec-5] DEBUG c.e.employee.config.LoggingFilter - Header 'priority' = u=2
2026-05-18 23:30:00 [http-nio-8080-exec-3] DEBUG c.e.employee.config.LoggingFilter - Header 'accept-encoding' = gzip, deflate, br, zstd
2026-05-18 23:30:00 [http-nio-8080-exec-8] DEBUG c.e.employee.config.LoggingFilter - Header 'accept-encoding' = gzip, deflate, br, zstd
2026-05-18 23:30:00 [http-nio-8080-exec-2] DEBUG c.e.employee.config.LoggingFilter - Header 'referer' = http://localhost:8080/swagger-ui/index.html
2026-05-18 23:30:00 [http-nio-8080-exec-5] DEBUG c.e.employee.config.LoggingFilter - Header 'pragma' = no-cache
2026-05-18 23:30:00 [http-nio-8080-exec-2] DEBUG c.e.employee.config.LoggingFilter - Header 'cookie' = JSESSIONID=595139CC24D11620FCCA29F5FB490534
2026-05-18 23:30:00 [http-nio-8080-exec-8] DEBUG c.e.employee.config.LoggingFilter - Header 'connection' = keep-alive
2026-05-18 23:30:00 [http-nio-8080-exec-3] DEBUG c.e.employee.config.LoggingFilter - Header 'connection' = keep-alive
2026-05-18 23:30:00 [http-nio-8080-exec-5] DEBUG c.e.employee.config.LoggingFilter - Header 'cache-control' = no-cache
2026-05-18 23:30:00 [http-nio-8080-exec-2] DEBUG c.e.employee.config.LoggingFilter - Header 'sec-fetch-dest' = script
2026-05-18 23:30:00 [http-nio-8080-exec-3] DEBUG c.e.employee.config.LoggingFilter - Header 'referer' = http://localhost:8080/swagger-ui/index.html
2026-05-18 23:30:00 [http-nio-8080-exec-3] DEBUG c.e.employee.config.LoggingFilter - Header 'cookie' = JSESSIONID=595139CC24D11620FCCA29F5FB490534
2026-05-18 23:30:00 [http-nio-8080-exec-3] DEBUG c.e.employee.config.LoggingFilter - Header 'sec-fetch-dest' = script
2026-05-18 23:30:00 [http-nio-8080-exec-3] DEBUG c.e.employee.config.LoggingFilter - Header 'sec-fetch-mode' = no-cors
2026-05-18 23:30:00 [http-nio-8080-exec-3] DEBUG c.e.employee.config.LoggingFilter - Header 'sec-fetch-site' = same-origin
2026-05-18 23:30:00 [http-nio-8080-exec-7] DEBUG c.e.employee.config.LoggingFilter - Header 'sec-fetch-dest' = style
2026-05-18 23:30:00 [http-nio-8080-exec-7] DEBUG c.e.employee.config.LoggingFilter - Header 'sec-fetch-mode' = no-cors
2026-05-18 23:30:00 [http-nio-8080-exec-7] DEBUG c.e.employee.config.LoggingFilter - Header 'sec-fetch-site' = same-origin
2026-05-18 23:30:00 [http-nio-8080-exec-3] DEBUG c.e.employee.config.LoggingFilter - Header 'pragma' = no-cache
2026-05-18 23:30:00 [http-nio-8080-exec-7] DEBUG c.e.employee.config.LoggingFilter - Header 'priority' = u=2
2026-05-18 23:30:00 [http-nio-8080-exec-7] DEBUG c.e.employee.config.LoggingFilter - Header 'pragma' = no-cache
2026-05-18 23:30:00 [http-nio-8080-exec-3] DEBUG c.e.employee.config.LoggingFilter - Header 'cache-control' = no-cache
2026-05-18 23:30:00 [http-nio-8080-exec-7] DEBUG c.e.employee.config.LoggingFilter - Header 'cache-control' = no-cache
2026-05-18 23:30:00 [http-nio-8080-exec-2] DEBUG c.e.employee.config.LoggingFilter - Header 'sec-fetch-mode' = no-cors
2026-05-18 23:30:00 [http-nio-8080-exec-2] DEBUG c.e.employee.config.LoggingFilter - Header 'sec-fetch-site' = same-origin
2026-05-18 23:30:00 [http-nio-8080-exec-2] DEBUG c.e.employee.config.LoggingFilter - Header 'pragma' = no-cache
2026-05-18 23:30:00 [http-nio-8080-exec-2] DEBUG c.e.employee.config.LoggingFilter - Header 'cache-control' = no-cache
2026-05-18 23:30:00 [http-nio-8080-exec-8] DEBUG c.e.employee.config.LoggingFilter - Header 'referer' = http://localhost:8080/swagger-ui/index.html
2026-05-18 23:30:00 [http-nio-8080-exec-8] DEBUG c.e.employee.config.LoggingFilter - Header 'cookie' = JSESSIONID=595139CC24D11620FCCA29F5FB490534
2026-05-18 23:30:00 [http-nio-8080-exec-8] DEBUG c.e.employee.config.LoggingFilter - Header 'sec-fetch-dest' = script
2026-05-18 23:30:00 [http-nio-8080-exec-8] DEBUG c.e.employee.config.LoggingFilter - Header 'sec-fetch-mode' = no-cors
2026-05-18 23:30:00 [http-nio-8080-exec-8] DEBUG c.e.employee.config.LoggingFilter - Header 'sec-fetch-site' = same-origin
2026-05-18 23:30:00 [http-nio-8080-exec-8] DEBUG c.e.employee.config.LoggingFilter - Header 'pragma' = no-cache
2026-05-18 23:30:00 [http-nio-8080-exec-8] DEBUG c.e.employee.config.LoggingFilter - Header 'cache-control' = no-cache
2026-05-18 23:30:00 [http-nio-8080-exec-3] INFO  c.e.employee.config.LoggingFilter - Response status: 200
2026-05-18 23:30:00 [http-nio-8080-exec-5] INFO  c.e.employee.config.LoggingFilter - Response status: 200
2026-05-18 23:30:00 [http-nio-8080-exec-7] INFO  c.e.employee.config.LoggingFilter - Response status: 200
2026-05-18 23:30:00 [http-nio-8080-exec-2] INFO  c.e.employee.config.LoggingFilter - Response status: 200
2026-05-18 23:30:00 [http-nio-8080-exec-8] INFO  c.e.employee.config.LoggingFilter - Response status: 200
2026-05-18 23:30:00 [http-nio-8080-exec-10] INFO  c.e.employee.config.LoggingFilter - Incoming request: GET /v3/api-docs/swagger-config
2026-05-18 23:30:00 [http-nio-8080-exec-10] DEBUG c.e.employee.config.LoggingFilter - Header 'host' = localhost:8080
2026-05-18 23:30:00 [http-nio-8080-exec-10] DEBUG c.e.employee.config.LoggingFilter - Header 'user-agent' = Mozilla/5.0 (Windows NT 10.0; Win64; x64; rv:150.0) Gecko/20100101 Firefox/150.0
2026-05-18 23:30:00 [http-nio-8080-exec-10] DEBUG c.e.employee.config.LoggingFilter - Header 'accept' = */*
2026-05-18 23:30:00 [http-nio-8080-exec-10] DEBUG c.e.employee.config.LoggingFilter - Header 'accept-language' = es-MX,es;q=0.9,en-US;q=0.8,en;q=0.7
2026-05-18 23:30:00 [http-nio-8080-exec-10] DEBUG c.e.employee.config.LoggingFilter - Header 'accept-encoding' = gzip, deflate, br, zstd
2026-05-18 23:30:00 [http-nio-8080-exec-10] DEBUG c.e.employee.config.LoggingFilter - Header 'referer' = http://localhost:8080/swagger-ui/index.html
2026-05-18 23:30:00 [http-nio-8080-exec-10] DEBUG c.e.employee.config.LoggingFilter - Header 'connection' = keep-alive
2026-05-18 23:30:00 [http-nio-8080-exec-10] DEBUG c.e.employee.config.LoggingFilter - Header 'cookie' = JSESSIONID=595139CC24D11620FCCA29F5FB490534
2026-05-18 23:30:00 [http-nio-8080-exec-10] DEBUG c.e.employee.config.LoggingFilter - Header 'sec-fetch-dest' = empty
2026-05-18 23:30:00 [http-nio-8080-exec-10] DEBUG c.e.employee.config.LoggingFilter - Header 'sec-fetch-mode' = cors
2026-05-18 23:30:00 [http-nio-8080-exec-10] DEBUG c.e.employee.config.LoggingFilter - Header 'sec-fetch-site' = same-origin
2026-05-18 23:30:00 [http-nio-8080-exec-10] DEBUG c.e.employee.config.LoggingFilter - Header 'priority' = u=4
2026-05-18 23:30:00 [http-nio-8080-exec-10] INFO  c.e.employee.config.LoggingFilter - Response status: 200
2026-05-18 23:30:00 [http-nio-8080-exec-4] INFO  c.e.employee.config.LoggingFilter - Incoming request: GET /swagger-ui/favicon-32x32.png
2026-05-18 23:30:00 [http-nio-8080-exec-4] DEBUG c.e.employee.config.LoggingFilter - Header 'host' = localhost:8080
2026-05-18 23:30:00 [http-nio-8080-exec-4] DEBUG c.e.employee.config.LoggingFilter - Header 'user-agent' = Mozilla/5.0 (Windows NT 10.0; Win64; x64; rv:150.0) Gecko/20100101 Firefox/150.0
2026-05-18 23:30:00 [http-nio-8080-exec-4] DEBUG c.e.employee.config.LoggingFilter - Header 'accept' = image/avif,image/webp,image/png,image/svg+xml,image/*;q=0.8,*/*;q=0.5
2026-05-18 23:30:00 [http-nio-8080-exec-4] DEBUG c.e.employee.config.LoggingFilter - Header 'accept-language' = es-MX,es;q=0.9,en-US;q=0.8,en;q=0.7
2026-05-18 23:30:00 [http-nio-8080-exec-4] DEBUG c.e.employee.config.LoggingFilter - Header 'accept-encoding' = gzip, deflate, br, zstd
2026-05-18 23:30:00 [http-nio-8080-exec-4] DEBUG c.e.employee.config.LoggingFilter - Header 'connection' = keep-alive
2026-05-18 23:30:00 [http-nio-8080-exec-4] DEBUG c.e.employee.config.LoggingFilter - Header 'referer' = http://localhost:8080/swagger-ui/index.html
2026-05-18 23:30:00 [http-nio-8080-exec-4] DEBUG c.e.employee.config.LoggingFilter - Header 'cookie' = JSESSIONID=595139CC24D11620FCCA29F5FB490534
2026-05-18 23:30:00 [http-nio-8080-exec-4] DEBUG c.e.employee.config.LoggingFilter - Header 'sec-fetch-dest' = image
2026-05-18 23:30:00 [http-nio-8080-exec-4] DEBUG c.e.employee.config.LoggingFilter - Header 'sec-fetch-mode' = no-cors
2026-05-18 23:30:00 [http-nio-8080-exec-4] DEBUG c.e.employee.config.LoggingFilter - Header 'sec-fetch-site' = same-origin
2026-05-18 23:30:00 [http-nio-8080-exec-4] DEBUG c.e.employee.config.LoggingFilter - Header 'priority' = u=6
2026-05-18 23:30:00 [http-nio-8080-exec-4] DEBUG c.e.employee.config.LoggingFilter - Header 'pragma' = no-cache
2026-05-18 23:30:00 [http-nio-8080-exec-4] DEBUG c.e.employee.config.LoggingFilter - Header 'cache-control' = no-cache
2026-05-18 23:30:00 [http-nio-8080-exec-4] INFO  c.e.employee.config.LoggingFilter - Response status: 200
2026-05-18 23:30:00 [http-nio-8080-exec-1] INFO  c.e.employee.config.LoggingFilter - Incoming request: GET /v3/api-docs
2026-05-18 23:30:00 [http-nio-8080-exec-1] DEBUG c.e.employee.config.LoggingFilter - Header 'host' = localhost:8080
2026-05-18 23:30:00 [http-nio-8080-exec-1] DEBUG c.e.employee.config.LoggingFilter - Header 'user-agent' = Mozilla/5.0 (Windows NT 10.0; Win64; x64; rv:150.0) Gecko/20100101 Firefox/150.0
2026-05-18 23:30:00 [http-nio-8080-exec-1] DEBUG c.e.employee.config.LoggingFilter - Header 'accept' = application/json,*/*
2026-05-18 23:30:00 [http-nio-8080-exec-1] DEBUG c.e.employee.config.LoggingFilter - Header 'accept-language' = es-MX,es;q=0.9,en-US;q=0.8,en;q=0.7
2026-05-18 23:30:00 [http-nio-8080-exec-1] DEBUG c.e.employee.config.LoggingFilter - Header 'accept-encoding' = gzip, deflate, br, zstd
2026-05-18 23:30:00 [http-nio-8080-exec-1] DEBUG c.e.employee.config.LoggingFilter - Header 'referer' = http://localhost:8080/swagger-ui/index.html
2026-05-18 23:30:00 [http-nio-8080-exec-1] DEBUG c.e.employee.config.LoggingFilter - Header 'connection' = keep-alive
2026-05-18 23:30:00 [http-nio-8080-exec-1] DEBUG c.e.employee.config.LoggingFilter - Header 'cookie' = JSESSIONID=595139CC24D11620FCCA29F5FB490534
2026-05-18 23:30:00 [http-nio-8080-exec-1] DEBUG c.e.employee.config.LoggingFilter - Header 'sec-fetch-dest' = empty
2026-05-18 23:30:00 [http-nio-8080-exec-1] DEBUG c.e.employee.config.LoggingFilter - Header 'sec-fetch-mode' = cors
2026-05-18 23:30:00 [http-nio-8080-exec-1] DEBUG c.e.employee.config.LoggingFilter - Header 'sec-fetch-site' = same-origin
2026-05-18 23:30:00 [http-nio-8080-exec-1] DEBUG c.e.employee.config.LoggingFilter - Header 'priority' = u=4
2026-05-18 23:30:00 [http-nio-8080-exec-1] INFO  c.e.employee.config.LoggingFilter - Response status: 200
2026-05-18 23:30:18 [http-nio-8080-exec-2] INFO  c.e.employee.config.LoggingFilter - Incoming request: GET /swagger-ui/index.html
2026-05-18 23:30:18 [http-nio-8080-exec-2] DEBUG c.e.employee.config.LoggingFilter - Header 'host' = localhost:8080
2026-05-18 23:30:18 [http-nio-8080-exec-2] DEBUG c.e.employee.config.LoggingFilter - Header 'user-agent' = Mozilla/5.0 (Windows NT 10.0; Win64; x64; rv:150.0) Gecko/20100101 Firefox/150.0
2026-05-18 23:30:18 [http-nio-8080-exec-2] DEBUG c.e.employee.config.LoggingFilter - Header 'accept' = text/html,application/xhtml+xml,application/xml;q=0.9,*/*;q=0.8
2026-05-18 23:30:18 [http-nio-8080-exec-2] DEBUG c.e.employee.config.LoggingFilter - Header 'accept-language' = es-MX,es;q=0.9,en-US;q=0.8,en;q=0.7
2026-05-18 23:30:18 [http-nio-8080-exec-2] DEBUG c.e.employee.config.LoggingFilter - Header 'accept-encoding' = gzip, deflate, br, zstd
2026-05-18 23:30:18 [http-nio-8080-exec-2] DEBUG c.e.employee.config.LoggingFilter - Header 'connection' = keep-alive
2026-05-18 23:30:18 [http-nio-8080-exec-2] DEBUG c.e.employee.config.LoggingFilter - Header 'cookie' = JSESSIONID=595139CC24D11620FCCA29F5FB490534
2026-05-18 23:30:18 [http-nio-8080-exec-2] DEBUG c.e.employee.config.LoggingFilter - Header 'upgrade-insecure-requests' = 1
2026-05-18 23:30:18 [http-nio-8080-exec-2] DEBUG c.e.employee.config.LoggingFilter - Header 'sec-fetch-dest' = document
2026-05-18 23:30:18 [http-nio-8080-exec-2] DEBUG c.e.employee.config.LoggingFilter - Header 'sec-fetch-mode' = navigate
2026-05-18 23:30:18 [http-nio-8080-exec-2] DEBUG c.e.employee.config.LoggingFilter - Header 'sec-fetch-site' = none
2026-05-18 23:30:18 [http-nio-8080-exec-2] DEBUG c.e.employee.config.LoggingFilter - Header 'sec-fetch-user' = ?1
2026-05-18 23:30:18 [http-nio-8080-exec-2] DEBUG c.e.employee.config.LoggingFilter - Header 'priority' = u=0, i
2026-05-18 23:30:18 [http-nio-8080-exec-2] DEBUG c.e.employee.config.LoggingFilter - Header 'pragma' = no-cache
2026-05-18 23:30:18 [http-nio-8080-exec-2] DEBUG c.e.employee.config.LoggingFilter - Header 'cache-control' = no-cache
2026-05-18 23:30:18 [http-nio-8080-exec-2] INFO  c.e.employee.config.LoggingFilter - Response status: 200
2026-05-18 23:30:18 [http-nio-8080-exec-8] INFO  c.e.employee.config.LoggingFilter - Incoming request: GET /swagger-ui/swagger-ui.css
2026-05-18 23:30:18 [http-nio-8080-exec-8] DEBUG c.e.employee.config.LoggingFilter - Header 'host' = localhost:8080
2026-05-18 23:30:18 [http-nio-8080-exec-8] DEBUG c.e.employee.config.LoggingFilter - Header 'user-agent' = Mozilla/5.0 (Windows NT 10.0; Win64; x64; rv:150.0) Gecko/20100101 Firefox/150.0
2026-05-18 23:30:18 [http-nio-8080-exec-8] DEBUG c.e.employee.config.LoggingFilter - Header 'accept' = text/css,*/*;q=0.1
2026-05-18 23:30:18 [http-nio-8080-exec-8] DEBUG c.e.employee.config.LoggingFilter - Header 'accept-language' = es-MX,es;q=0.9,en-US;q=0.8,en;q=0.7
2026-05-18 23:30:18 [http-nio-8080-exec-8] DEBUG c.e.employee.config.LoggingFilter - Header 'accept-encoding' = gzip, deflate, br, zstd
2026-05-18 23:30:18 [http-nio-8080-exec-8] DEBUG c.e.employee.config.LoggingFilter - Header 'connection' = keep-alive
2026-05-18 23:30:18 [http-nio-8080-exec-8] DEBUG c.e.employee.config.LoggingFilter - Header 'referer' = http://localhost:8080/swagger-ui/index.html
2026-05-18 23:30:18 [http-nio-8080-exec-8] DEBUG c.e.employee.config.LoggingFilter - Header 'cookie' = JSESSIONID=595139CC24D11620FCCA29F5FB490534
2026-05-18 23:30:18 [http-nio-8080-exec-8] DEBUG c.e.employee.config.LoggingFilter - Header 'sec-fetch-dest' = style
2026-05-18 23:30:18 [http-nio-8080-exec-8] DEBUG c.e.employee.config.LoggingFilter - Header 'sec-fetch-mode' = no-cors
2026-05-18 23:30:18 [http-nio-8080-exec-10] INFO  c.e.employee.config.LoggingFilter - Incoming request: GET /swagger-ui/index.css
2026-05-18 23:30:18 [http-nio-8080-exec-8] DEBUG c.e.employee.config.LoggingFilter - Header 'sec-fetch-site' = same-origin
2026-05-18 23:30:18 [http-nio-8080-exec-1] INFO  c.e.employee.config.LoggingFilter - Incoming request: GET /swagger-ui/swagger-ui-standalone-preset.js
2026-05-18 23:30:18 [http-nio-8080-exec-10] DEBUG c.e.employee.config.LoggingFilter - Header 'host' = localhost:8080
2026-05-18 23:30:18 [http-nio-8080-exec-8] DEBUG c.e.employee.config.LoggingFilter - Header 'priority' = u=2
2026-05-18 23:30:18 [http-nio-8080-exec-4] INFO  c.e.employee.config.LoggingFilter - Incoming request: GET /swagger-ui/swagger-ui-bundle.js
2026-05-18 23:30:18 [http-nio-8080-exec-10] DEBUG c.e.employee.config.LoggingFilter - Header 'user-agent' = Mozilla/5.0 (Windows NT 10.0; Win64; x64; rv:150.0) Gecko/20100101 Firefox/150.0
2026-05-18 23:30:18 [http-nio-8080-exec-8] DEBUG c.e.employee.config.LoggingFilter - Header 'pragma' = no-cache
2026-05-18 23:30:18 [http-nio-8080-exec-4] DEBUG c.e.employee.config.LoggingFilter - Header 'host' = localhost:8080
2026-05-18 23:30:18 [http-nio-8080-exec-8] DEBUG c.e.employee.config.LoggingFilter - Header 'cache-control' = no-cache
2026-05-18 23:30:18 [http-nio-8080-exec-4] DEBUG c.e.employee.config.LoggingFilter - Header 'user-agent' = Mozilla/5.0 (Windows NT 10.0; Win64; x64; rv:150.0) Gecko/20100101 Firefox/150.0
2026-05-18 23:30:18 [http-nio-8080-exec-4] DEBUG c.e.employee.config.LoggingFilter - Header 'accept' = */*
2026-05-18 23:30:18 [http-nio-8080-exec-1] DEBUG c.e.employee.config.LoggingFilter - Header 'host' = localhost:8080
2026-05-18 23:30:18 [http-nio-8080-exec-10] DEBUG c.e.employee.config.LoggingFilter - Header 'accept' = text/css,*/*;q=0.1
2026-05-18 23:30:18 [http-nio-8080-exec-4] DEBUG c.e.employee.config.LoggingFilter - Header 'accept-language' = es-MX,es;q=0.9,en-US;q=0.8,en;q=0.7
2026-05-18 23:30:18 [http-nio-8080-exec-1] DEBUG c.e.employee.config.LoggingFilter - Header 'user-agent' = Mozilla/5.0 (Windows NT 10.0; Win64; x64; rv:150.0) Gecko/20100101 Firefox/150.0
2026-05-18 23:30:18 [http-nio-8080-exec-10] DEBUG c.e.employee.config.LoggingFilter - Header 'accept-language' = es-MX,es;q=0.9,en-US;q=0.8,en;q=0.7
2026-05-18 23:30:18 [http-nio-8080-exec-10] DEBUG c.e.employee.config.LoggingFilter - Header 'accept-encoding' = gzip, deflate, br, zstd
2026-05-18 23:30:18 [http-nio-8080-exec-10] DEBUG c.e.employee.config.LoggingFilter - Header 'connection' = keep-alive
2026-05-18 23:30:18 [http-nio-8080-exec-10] DEBUG c.e.employee.config.LoggingFilter - Header 'referer' = http://localhost:8080/swagger-ui/index.html
2026-05-18 23:30:18 [http-nio-8080-exec-1] DEBUG c.e.employee.config.LoggingFilter - Header 'accept' = */*
2026-05-18 23:30:18 [http-nio-8080-exec-1] DEBUG c.e.employee.config.LoggingFilter - Header 'accept-language' = es-MX,es;q=0.9,en-US;q=0.8,en;q=0.7
2026-05-18 23:30:18 [http-nio-8080-exec-1] DEBUG c.e.employee.config.LoggingFilter - Header 'accept-encoding' = gzip, deflate, br, zstd
2026-05-18 23:30:18 [http-nio-8080-exec-4] DEBUG c.e.employee.config.LoggingFilter - Header 'accept-encoding' = gzip, deflate, br, zstd
2026-05-18 23:30:18 [http-nio-8080-exec-10] DEBUG c.e.employee.config.LoggingFilter - Header 'cookie' = JSESSIONID=595139CC24D11620FCCA29F5FB490534
2026-05-18 23:30:18 [http-nio-8080-exec-1] DEBUG c.e.employee.config.LoggingFilter - Header 'connection' = keep-alive
2026-05-18 23:30:18 [http-nio-8080-exec-10] DEBUG c.e.employee.config.LoggingFilter - Header 'sec-fetch-dest' = style
2026-05-18 23:30:18 [http-nio-8080-exec-4] DEBUG c.e.employee.config.LoggingFilter - Header 'connection' = keep-alive
2026-05-18 23:30:18 [http-nio-8080-exec-1] DEBUG c.e.employee.config.LoggingFilter - Header 'referer' = http://localhost:8080/swagger-ui/index.html
2026-05-18 23:30:18 [http-nio-8080-exec-4] DEBUG c.e.employee.config.LoggingFilter - Header 'referer' = http://localhost:8080/swagger-ui/index.html
2026-05-18 23:30:18 [http-nio-8080-exec-10] DEBUG c.e.employee.config.LoggingFilter - Header 'sec-fetch-mode' = no-cors
2026-05-18 23:30:18 [http-nio-8080-exec-1] DEBUG c.e.employee.config.LoggingFilter - Header 'cookie' = JSESSIONID=595139CC24D11620FCCA29F5FB490534
2026-05-18 23:30:18 [http-nio-8080-exec-4] DEBUG c.e.employee.config.LoggingFilter - Header 'cookie' = JSESSIONID=595139CC24D11620FCCA29F5FB490534
2026-05-18 23:30:18 [http-nio-8080-exec-1] DEBUG c.e.employee.config.LoggingFilter - Header 'sec-fetch-dest' = script
2026-05-18 23:30:18 [http-nio-8080-exec-10] DEBUG c.e.employee.config.LoggingFilter - Header 'sec-fetch-site' = same-origin
2026-05-18 23:30:18 [http-nio-8080-exec-4] DEBUG c.e.employee.config.LoggingFilter - Header 'sec-fetch-dest' = script
2026-05-18 23:30:18 [http-nio-8080-exec-1] DEBUG c.e.employee.config.LoggingFilter - Header 'sec-fetch-mode' = no-cors
2026-05-18 23:30:18 [http-nio-8080-exec-4] DEBUG c.e.employee.config.LoggingFilter - Header 'sec-fetch-mode' = no-cors
2026-05-18 23:30:18 [http-nio-8080-exec-1] DEBUG c.e.employee.config.LoggingFilter - Header 'sec-fetch-site' = same-origin
2026-05-18 23:30:18 [http-nio-8080-exec-1] DEBUG c.e.employee.config.LoggingFilter - Header 'pragma' = no-cache
2026-05-18 23:30:18 [http-nio-8080-exec-1] DEBUG c.e.employee.config.LoggingFilter - Header 'cache-control' = no-cache
2026-05-18 23:30:18 [http-nio-8080-exec-10] DEBUG c.e.employee.config.LoggingFilter - Header 'priority' = u=2
2026-05-18 23:30:18 [http-nio-8080-exec-4] DEBUG c.e.employee.config.LoggingFilter - Header 'sec-fetch-site' = same-origin
2026-05-18 23:30:18 [http-nio-8080-exec-4] DEBUG c.e.employee.config.LoggingFilter - Header 'pragma' = no-cache
2026-05-18 23:30:18 [http-nio-8080-exec-10] DEBUG c.e.employee.config.LoggingFilter - Header 'pragma' = no-cache
2026-05-18 23:30:18 [http-nio-8080-exec-4] DEBUG c.e.employee.config.LoggingFilter - Header 'cache-control' = no-cache
2026-05-18 23:30:18 [http-nio-8080-exec-10] DEBUG c.e.employee.config.LoggingFilter - Header 'cache-control' = no-cache
2026-05-18 23:30:18 [http-nio-8080-exec-9] INFO  c.e.employee.config.LoggingFilter - Incoming request: GET /swagger-ui/swagger-initializer.js
2026-05-18 23:30:18 [http-nio-8080-exec-9] DEBUG c.e.employee.config.LoggingFilter - Header 'host' = localhost:8080
2026-05-18 23:30:18 [http-nio-8080-exec-9] DEBUG c.e.employee.config.LoggingFilter - Header 'user-agent' = Mozilla/5.0 (Windows NT 10.0; Win64; x64; rv:150.0) Gecko/20100101 Firefox/150.0
2026-05-18 23:30:18 [http-nio-8080-exec-9] DEBUG c.e.employee.config.LoggingFilter - Header 'accept' = */*
2026-05-18 23:30:18 [http-nio-8080-exec-9] DEBUG c.e.employee.config.LoggingFilter - Header 'accept-language' = es-MX,es;q=0.9,en-US;q=0.8,en;q=0.7
2026-05-18 23:30:18 [http-nio-8080-exec-9] DEBUG c.e.employee.config.LoggingFilter - Header 'accept-encoding' = gzip, deflate, br, zstd
2026-05-18 23:30:18 [http-nio-8080-exec-9] DEBUG c.e.employee.config.LoggingFilter - Header 'connection' = keep-alive
2026-05-18 23:30:18 [http-nio-8080-exec-9] DEBUG c.e.employee.config.LoggingFilter - Header 'referer' = http://localhost:8080/swagger-ui/index.html
2026-05-18 23:30:18 [http-nio-8080-exec-9] DEBUG c.e.employee.config.LoggingFilter - Header 'cookie' = JSESSIONID=595139CC24D11620FCCA29F5FB490534
2026-05-18 23:30:18 [http-nio-8080-exec-9] DEBUG c.e.employee.config.LoggingFilter - Header 'sec-fetch-dest' = script
2026-05-18 23:30:18 [http-nio-8080-exec-9] DEBUG c.e.employee.config.LoggingFilter - Header 'sec-fetch-mode' = no-cors
2026-05-18 23:30:18 [http-nio-8080-exec-9] DEBUG c.e.employee.config.LoggingFilter - Header 'sec-fetch-site' = same-origin
2026-05-18 23:30:18 [http-nio-8080-exec-9] DEBUG c.e.employee.config.LoggingFilter - Header 'pragma' = no-cache
2026-05-18 23:30:18 [http-nio-8080-exec-9] DEBUG c.e.employee.config.LoggingFilter - Header 'cache-control' = no-cache
2026-05-18 23:30:18 [http-nio-8080-exec-10] INFO  c.e.employee.config.LoggingFilter - Response status: 200
2026-05-18 23:30:18 [http-nio-8080-exec-8] INFO  c.e.employee.config.LoggingFilter - Response status: 200
2026-05-18 23:30:18 [http-nio-8080-exec-9] INFO  c.e.employee.config.LoggingFilter - Response status: 200
2026-05-18 23:30:18 [http-nio-8080-exec-1] INFO  c.e.employee.config.LoggingFilter - Response status: 200
2026-05-18 23:30:18 [http-nio-8080-exec-4] INFO  c.e.employee.config.LoggingFilter - Response status: 200
2026-05-18 23:30:18 [http-nio-8080-exec-3] INFO  c.e.employee.config.LoggingFilter - Incoming request: GET /swagger-ui/favicon-32x32.png
2026-05-18 23:30:18 [http-nio-8080-exec-3] DEBUG c.e.employee.config.LoggingFilter - Header 'host' = localhost:8080
2026-05-18 23:30:18 [http-nio-8080-exec-3] DEBUG c.e.employee.config.LoggingFilter - Header 'user-agent' = Mozilla/5.0 (Windows NT 10.0; Win64; x64; rv:150.0) Gecko/20100101 Firefox/150.0
2026-05-18 23:30:18 [http-nio-8080-exec-3] DEBUG c.e.employee.config.LoggingFilter - Header 'accept' = image/avif,image/webp,image/png,image/svg+xml,image/*;q=0.8,*/*;q=0.5
2026-05-18 23:30:18 [http-nio-8080-exec-3] DEBUG c.e.employee.config.LoggingFilter - Header 'accept-language' = es-MX,es;q=0.9,en-US;q=0.8,en;q=0.7
2026-05-18 23:30:18 [http-nio-8080-exec-3] DEBUG c.e.employee.config.LoggingFilter - Header 'accept-encoding' = gzip, deflate, br, zstd
2026-05-18 23:30:18 [http-nio-8080-exec-3] DEBUG c.e.employee.config.LoggingFilter - Header 'connection' = keep-alive
2026-05-18 23:30:18 [http-nio-8080-exec-3] DEBUG c.e.employee.config.LoggingFilter - Header 'referer' = http://localhost:8080/swagger-ui/index.html
2026-05-18 23:30:18 [http-nio-8080-exec-3] DEBUG c.e.employee.config.LoggingFilter - Header 'cookie' = JSESSIONID=595139CC24D11620FCCA29F5FB490534
2026-05-18 23:30:18 [http-nio-8080-exec-3] DEBUG c.e.employee.config.LoggingFilter - Header 'sec-fetch-dest' = image
2026-05-18 23:30:18 [http-nio-8080-exec-3] DEBUG c.e.employee.config.LoggingFilter - Header 'sec-fetch-mode' = no-cors
2026-05-18 23:30:18 [http-nio-8080-exec-3] DEBUG c.e.employee.config.LoggingFilter - Header 'sec-fetch-site' = same-origin
2026-05-18 23:30:18 [http-nio-8080-exec-3] DEBUG c.e.employee.config.LoggingFilter - Header 'priority' = u=6
2026-05-18 23:30:18 [http-nio-8080-exec-3] DEBUG c.e.employee.config.LoggingFilter - Header 'pragma' = no-cache
2026-05-18 23:30:18 [http-nio-8080-exec-3] DEBUG c.e.employee.config.LoggingFilter - Header 'cache-control' = no-cache
2026-05-18 23:30:18 [http-nio-8080-exec-3] INFO  c.e.employee.config.LoggingFilter - Response status: 200
2026-05-18 23:30:18 [http-nio-8080-exec-8] INFO  c.e.employee.config.LoggingFilter - Incoming request: GET /swagger-ui/index.html
2026-05-18 23:30:18 [http-nio-8080-exec-8] DEBUG c.e.employee.config.LoggingFilter - Header 'host' = localhost:8080
2026-05-18 23:30:18 [http-nio-8080-exec-8] DEBUG c.e.employee.config.LoggingFilter - Header 'user-agent' = Mozilla/5.0 (Windows NT 10.0; Win64; x64; rv:150.0) Gecko/20100101 Firefox/150.0
2026-05-18 23:30:18 [http-nio-8080-exec-8] DEBUG c.e.employee.config.LoggingFilter - Header 'accept' = text/html,application/xhtml+xml,application/xml;q=0.9,*/*;q=0.8
2026-05-18 23:30:18 [http-nio-8080-exec-8] DEBUG c.e.employee.config.LoggingFilter - Header 'accept-language' = es-MX,es;q=0.9,en-US;q=0.8,en;q=0.7
2026-05-18 23:30:18 [http-nio-8080-exec-8] DEBUG c.e.employee.config.LoggingFilter - Header 'accept-encoding' = gzip, deflate, br, zstd
2026-05-18 23:30:18 [http-nio-8080-exec-8] DEBUG c.e.employee.config.LoggingFilter - Header 'connection' = keep-alive
2026-05-18 23:30:18 [http-nio-8080-exec-8] DEBUG c.e.employee.config.LoggingFilter - Header 'cookie' = JSESSIONID=595139CC24D11620FCCA29F5FB490534
2026-05-18 23:30:18 [http-nio-8080-exec-8] DEBUG c.e.employee.config.LoggingFilter - Header 'upgrade-insecure-requests' = 1
2026-05-18 23:30:18 [http-nio-8080-exec-8] DEBUG c.e.employee.config.LoggingFilter - Header 'sec-fetch-dest' = document
2026-05-18 23:30:18 [http-nio-8080-exec-8] DEBUG c.e.employee.config.LoggingFilter - Header 'sec-fetch-mode' = navigate
2026-05-18 23:30:18 [http-nio-8080-exec-8] DEBUG c.e.employee.config.LoggingFilter - Header 'sec-fetch-site' = none
2026-05-18 23:30:18 [http-nio-8080-exec-8] DEBUG c.e.employee.config.LoggingFilter - Header 'sec-fetch-user' = ?1
2026-05-18 23:30:18 [http-nio-8080-exec-8] DEBUG c.e.employee.config.LoggingFilter - Header 'priority' = u=0, i
2026-05-18 23:30:18 [http-nio-8080-exec-8] DEBUG c.e.employee.config.LoggingFilter - Header 'pragma' = no-cache
2026-05-18 23:30:18 [http-nio-8080-exec-8] DEBUG c.e.employee.config.LoggingFilter - Header 'cache-control' = no-cache
2026-05-18 23:30:18 [http-nio-8080-exec-8] INFO  c.e.employee.config.LoggingFilter - Response status: 200
2026-05-18 23:30:18 [http-nio-8080-exec-9] INFO  c.e.employee.config.LoggingFilter - Incoming request: GET /swagger-ui/swagger-ui.css
2026-05-18 23:30:18 [http-nio-8080-exec-9] DEBUG c.e.employee.config.LoggingFilter - Header 'host' = localhost:8080
2026-05-18 23:30:18 [http-nio-8080-exec-9] DEBUG c.e.employee.config.LoggingFilter - Header 'user-agent' = Mozilla/5.0 (Windows NT 10.0; Win64; x64; rv:150.0) Gecko/20100101 Firefox/150.0
2026-05-18 23:30:18 [http-nio-8080-exec-9] DEBUG c.e.employee.config.LoggingFilter - Header 'accept' = text/css,*/*;q=0.1
2026-05-18 23:30:18 [http-nio-8080-exec-1] INFO  c.e.employee.config.LoggingFilter - Incoming request: GET /swagger-ui/swagger-ui-standalone-preset.js
2026-05-18 23:30:18 [http-nio-8080-exec-9] DEBUG c.e.employee.config.LoggingFilter - Header 'accept-language' = es-MX,es;q=0.9,en-US;q=0.8,en;q=0.7
2026-05-18 23:30:18 [http-nio-8080-exec-1] DEBUG c.e.employee.config.LoggingFilter - Header 'host' = localhost:8080
2026-05-18 23:30:18 [http-nio-8080-exec-1] DEBUG c.e.employee.config.LoggingFilter - Header 'user-agent' = Mozilla/5.0 (Windows NT 10.0; Win64; x64; rv:150.0) Gecko/20100101 Firefox/150.0
2026-05-18 23:30:18 [http-nio-8080-exec-9] DEBUG c.e.employee.config.LoggingFilter - Header 'accept-encoding' = gzip, deflate, br, zstd
2026-05-18 23:30:18 [http-nio-8080-exec-1] DEBUG c.e.employee.config.LoggingFilter - Header 'accept' = */*
2026-05-18 23:30:18 [http-nio-8080-exec-9] DEBUG c.e.employee.config.LoggingFilter - Header 'connection' = keep-alive
2026-05-18 23:30:18 [http-nio-8080-exec-1] DEBUG c.e.employee.config.LoggingFilter - Header 'accept-language' = es-MX,es;q=0.9,en-US;q=0.8,en;q=0.7
2026-05-18 23:30:18 [http-nio-8080-exec-9] DEBUG c.e.employee.config.LoggingFilter - Header 'referer' = http://localhost:8080/swagger-ui/index.html
2026-05-18 23:30:18 [http-nio-8080-exec-1] DEBUG c.e.employee.config.LoggingFilter - Header 'accept-encoding' = gzip, deflate, br, zstd
2026-05-18 23:30:18 [http-nio-8080-exec-9] DEBUG c.e.employee.config.LoggingFilter - Header 'cookie' = JSESSIONID=595139CC24D11620FCCA29F5FB490534
2026-05-18 23:30:18 [http-nio-8080-exec-1] DEBUG c.e.employee.config.LoggingFilter - Header 'connection' = keep-alive
2026-05-18 23:30:18 [http-nio-8080-exec-3] INFO  c.e.employee.config.LoggingFilter - Incoming request: GET /swagger-ui/swagger-ui-bundle.js
2026-05-18 23:30:18 [http-nio-8080-exec-9] DEBUG c.e.employee.config.LoggingFilter - Header 'sec-fetch-dest' = style
2026-05-18 23:30:18 [http-nio-8080-exec-4] INFO  c.e.employee.config.LoggingFilter - Incoming request: GET /swagger-ui/index.css
2026-05-18 23:30:18 [http-nio-8080-exec-9] DEBUG c.e.employee.config.LoggingFilter - Header 'sec-fetch-mode' = no-cors
2026-05-18 23:30:18 [http-nio-8080-exec-3] DEBUG c.e.employee.config.LoggingFilter - Header 'host' = localhost:8080
2026-05-18 23:30:18 [http-nio-8080-exec-9] DEBUG c.e.employee.config.LoggingFilter - Header 'sec-fetch-site' = same-origin
2026-05-18 23:30:18 [http-nio-8080-exec-3] DEBUG c.e.employee.config.LoggingFilter - Header 'user-agent' = Mozilla/5.0 (Windows NT 10.0; Win64; x64; rv:150.0) Gecko/20100101 Firefox/150.0
2026-05-18 23:30:18 [http-nio-8080-exec-1] DEBUG c.e.employee.config.LoggingFilter - Header 'referer' = http://localhost:8080/swagger-ui/index.html
2026-05-18 23:30:18 [http-nio-8080-exec-4] DEBUG c.e.employee.config.LoggingFilter - Header 'host' = localhost:8080
2026-05-18 23:30:18 [http-nio-8080-exec-3] DEBUG c.e.employee.config.LoggingFilter - Header 'accept' = */*
2026-05-18 23:30:18 [http-nio-8080-exec-3] DEBUG c.e.employee.config.LoggingFilter - Header 'accept-language' = es-MX,es;q=0.9,en-US;q=0.8,en;q=0.7
2026-05-18 23:30:18 [http-nio-8080-exec-4] DEBUG c.e.employee.config.LoggingFilter - Header 'user-agent' = Mozilla/5.0 (Windows NT 10.0; Win64; x64; rv:150.0) Gecko/20100101 Firefox/150.0
2026-05-18 23:30:18 [http-nio-8080-exec-10] INFO  c.e.employee.config.LoggingFilter - Incoming request: GET /swagger-ui/swagger-initializer.js
2026-05-18 23:30:18 [http-nio-8080-exec-1] DEBUG c.e.employee.config.LoggingFilter - Header 'cookie' = JSESSIONID=595139CC24D11620FCCA29F5FB490534
2026-05-18 23:30:18 [http-nio-8080-exec-9] DEBUG c.e.employee.config.LoggingFilter - Header 'priority' = u=2
2026-05-18 23:30:18 [http-nio-8080-exec-10] DEBUG c.e.employee.config.LoggingFilter - Header 'host' = localhost:8080
2026-05-18 23:30:18 [http-nio-8080-exec-10] DEBUG c.e.employee.config.LoggingFilter - Header 'user-agent' = Mozilla/5.0 (Windows NT 10.0; Win64; x64; rv:150.0) Gecko/20100101 Firefox/150.0
2026-05-18 23:30:18 [http-nio-8080-exec-9] DEBUG c.e.employee.config.LoggingFilter - Header 'pragma' = no-cache
2026-05-18 23:30:18 [http-nio-8080-exec-10] DEBUG c.e.employee.config.LoggingFilter - Header 'accept' = */*
2026-05-18 23:30:18 [http-nio-8080-exec-9] DEBUG c.e.employee.config.LoggingFilter - Header 'cache-control' = no-cache
2026-05-18 23:30:18 [http-nio-8080-exec-10] DEBUG c.e.employee.config.LoggingFilter - Header 'accept-language' = es-MX,es;q=0.9,en-US;q=0.8,en;q=0.7
2026-05-18 23:30:18 [http-nio-8080-exec-10] DEBUG c.e.employee.config.LoggingFilter - Header 'accept-encoding' = gzip, deflate, br, zstd
2026-05-18 23:30:18 [http-nio-8080-exec-10] DEBUG c.e.employee.config.LoggingFilter - Header 'connection' = keep-alive
2026-05-18 23:30:18 [http-nio-8080-exec-10] DEBUG c.e.employee.config.LoggingFilter - Header 'referer' = http://localhost:8080/swagger-ui/index.html
2026-05-18 23:30:18 [http-nio-8080-exec-10] DEBUG c.e.employee.config.LoggingFilter - Header 'cookie' = JSESSIONID=595139CC24D11620FCCA29F5FB490534
2026-05-18 23:30:18 [http-nio-8080-exec-10] DEBUG c.e.employee.config.LoggingFilter - Header 'sec-fetch-dest' = script
2026-05-18 23:30:18 [http-nio-8080-exec-10] DEBUG c.e.employee.config.LoggingFilter - Header 'sec-fetch-mode' = no-cors
2026-05-18 23:30:18 [http-nio-8080-exec-10] DEBUG c.e.employee.config.LoggingFilter - Header 'sec-fetch-site' = same-origin
2026-05-18 23:30:18 [http-nio-8080-exec-10] DEBUG c.e.employee.config.LoggingFilter - Header 'pragma' = no-cache
2026-05-18 23:30:18 [http-nio-8080-exec-10] DEBUG c.e.employee.config.LoggingFilter - Header 'cache-control' = no-cache
2026-05-18 23:30:18 [http-nio-8080-exec-3] DEBUG c.e.employee.config.LoggingFilter - Header 'accept-encoding' = gzip, deflate, br, zstd
2026-05-18 23:30:18 [http-nio-8080-exec-3] DEBUG c.e.employee.config.LoggingFilter - Header 'connection' = keep-alive
2026-05-18 23:30:18 [http-nio-8080-exec-3] DEBUG c.e.employee.config.LoggingFilter - Header 'referer' = http://localhost:8080/swagger-ui/index.html
2026-05-18 23:30:18 [http-nio-8080-exec-3] DEBUG c.e.employee.config.LoggingFilter - Header 'cookie' = JSESSIONID=595139CC24D11620FCCA29F5FB490534
2026-05-18 23:30:18 [http-nio-8080-exec-3] DEBUG c.e.employee.config.LoggingFilter - Header 'sec-fetch-dest' = script
2026-05-18 23:30:18 [http-nio-8080-exec-3] DEBUG c.e.employee.config.LoggingFilter - Header 'sec-fetch-mode' = no-cors
2026-05-18 23:30:18 [http-nio-8080-exec-3] DEBUG c.e.employee.config.LoggingFilter - Header 'sec-fetch-site' = same-origin
2026-05-18 23:30:18 [http-nio-8080-exec-3] DEBUG c.e.employee.config.LoggingFilter - Header 'pragma' = no-cache
2026-05-18 23:30:18 [http-nio-8080-exec-3] DEBUG c.e.employee.config.LoggingFilter - Header 'cache-control' = no-cache
2026-05-18 23:30:18 [http-nio-8080-exec-4] DEBUG c.e.employee.config.LoggingFilter - Header 'accept' = text/css,*/*;q=0.1
2026-05-18 23:30:18 [http-nio-8080-exec-1] DEBUG c.e.employee.config.LoggingFilter - Header 'sec-fetch-dest' = script
2026-05-18 23:30:18 [http-nio-8080-exec-4] DEBUG c.e.employee.config.LoggingFilter - Header 'accept-language' = es-MX,es;q=0.9,en-US;q=0.8,en;q=0.7
2026-05-18 23:30:18 [http-nio-8080-exec-1] DEBUG c.e.employee.config.LoggingFilter - Header 'sec-fetch-mode' = no-cors
2026-05-18 23:30:18 [http-nio-8080-exec-4] DEBUG c.e.employee.config.LoggingFilter - Header 'accept-encoding' = gzip, deflate, br, zstd
2026-05-18 23:30:18 [http-nio-8080-exec-4] DEBUG c.e.employee.config.LoggingFilter - Header 'connection' = keep-alive
2026-05-18 23:30:18 [http-nio-8080-exec-4] DEBUG c.e.employee.config.LoggingFilter - Header 'referer' = http://localhost:8080/swagger-ui/index.html
2026-05-18 23:30:18 [http-nio-8080-exec-1] DEBUG c.e.employee.config.LoggingFilter - Header 'sec-fetch-site' = same-origin
2026-05-18 23:30:18 [http-nio-8080-exec-4] DEBUG c.e.employee.config.LoggingFilter - Header 'cookie' = JSESSIONID=595139CC24D11620FCCA29F5FB490534
2026-05-18 23:30:18 [http-nio-8080-exec-1] DEBUG c.e.employee.config.LoggingFilter - Header 'pragma' = no-cache
2026-05-18 23:30:18 [http-nio-8080-exec-4] DEBUG c.e.employee.config.LoggingFilter - Header 'sec-fetch-dest' = style
2026-05-18 23:30:18 [http-nio-8080-exec-1] DEBUG c.e.employee.config.LoggingFilter - Header 'cache-control' = no-cache
2026-05-18 23:30:18 [http-nio-8080-exec-4] DEBUG c.e.employee.config.LoggingFilter - Header 'sec-fetch-mode' = no-cors
2026-05-18 23:30:18 [http-nio-8080-exec-4] DEBUG c.e.employee.config.LoggingFilter - Header 'sec-fetch-site' = same-origin
2026-05-18 23:30:18 [http-nio-8080-exec-4] DEBUG c.e.employee.config.LoggingFilter - Header 'priority' = u=2
2026-05-18 23:30:18 [http-nio-8080-exec-4] DEBUG c.e.employee.config.LoggingFilter - Header 'pragma' = no-cache
2026-05-18 23:30:18 [http-nio-8080-exec-4] DEBUG c.e.employee.config.LoggingFilter - Header 'cache-control' = no-cache
2026-05-18 23:30:18 [http-nio-8080-exec-4] INFO  c.e.employee.config.LoggingFilter - Response status: 200
2026-05-18 23:30:18 [http-nio-8080-exec-10] INFO  c.e.employee.config.LoggingFilter - Response status: 200
2026-05-18 23:30:18 [http-nio-8080-exec-9] INFO  c.e.employee.config.LoggingFilter - Response status: 200
2026-05-18 23:30:18 [http-nio-8080-exec-1] INFO  c.e.employee.config.LoggingFilter - Response status: 200
2026-05-18 23:30:18 [http-nio-8080-exec-3] INFO  c.e.employee.config.LoggingFilter - Response status: 200
2026-05-18 23:30:18 [http-nio-8080-exec-7] INFO  c.e.employee.config.LoggingFilter - Incoming request: GET /v3/api-docs/swagger-config
2026-05-18 23:30:18 [http-nio-8080-exec-7] DEBUG c.e.employee.config.LoggingFilter - Header 'host' = localhost:8080
2026-05-18 23:30:18 [http-nio-8080-exec-7] DEBUG c.e.employee.config.LoggingFilter - Header 'user-agent' = Mozilla/5.0 (Windows NT 10.0; Win64; x64; rv:150.0) Gecko/20100101 Firefox/150.0
2026-05-18 23:30:18 [http-nio-8080-exec-7] DEBUG c.e.employee.config.LoggingFilter - Header 'accept' = */*
2026-05-18 23:30:18 [http-nio-8080-exec-7] DEBUG c.e.employee.config.LoggingFilter - Header 'accept-language' = es-MX,es;q=0.9,en-US;q=0.8,en;q=0.7
2026-05-18 23:30:18 [http-nio-8080-exec-7] DEBUG c.e.employee.config.LoggingFilter - Header 'accept-encoding' = gzip, deflate, br, zstd
2026-05-18 23:30:18 [http-nio-8080-exec-7] DEBUG c.e.employee.config.LoggingFilter - Header 'referer' = http://localhost:8080/swagger-ui/index.html
2026-05-18 23:30:18 [http-nio-8080-exec-7] DEBUG c.e.employee.config.LoggingFilter - Header 'connection' = keep-alive
2026-05-18 23:30:18 [http-nio-8080-exec-7] DEBUG c.e.employee.config.LoggingFilter - Header 'cookie' = JSESSIONID=595139CC24D11620FCCA29F5FB490534
2026-05-18 23:30:18 [http-nio-8080-exec-7] DEBUG c.e.employee.config.LoggingFilter - Header 'sec-fetch-dest' = empty
2026-05-18 23:30:18 [http-nio-8080-exec-7] DEBUG c.e.employee.config.LoggingFilter - Header 'sec-fetch-mode' = cors
2026-05-18 23:30:18 [http-nio-8080-exec-7] DEBUG c.e.employee.config.LoggingFilter - Header 'sec-fetch-site' = same-origin
2026-05-18 23:30:18 [http-nio-8080-exec-7] DEBUG c.e.employee.config.LoggingFilter - Header 'priority' = u=4
2026-05-18 23:30:18 [http-nio-8080-exec-7] INFO  c.e.employee.config.LoggingFilter - Response status: 200
2026-05-18 23:30:18 [http-nio-8080-exec-5] INFO  c.e.employee.config.LoggingFilter - Incoming request: GET /swagger-ui/favicon-32x32.png
2026-05-18 23:30:18 [http-nio-8080-exec-5] DEBUG c.e.employee.config.LoggingFilter - Header 'host' = localhost:8080
2026-05-18 23:30:18 [http-nio-8080-exec-5] DEBUG c.e.employee.config.LoggingFilter - Header 'user-agent' = Mozilla/5.0 (Windows NT 10.0; Win64; x64; rv:150.0) Gecko/20100101 Firefox/150.0
2026-05-18 23:30:18 [http-nio-8080-exec-5] DEBUG c.e.employee.config.LoggingFilter - Header 'accept' = image/avif,image/webp,image/png,image/svg+xml,image/*;q=0.8,*/*;q=0.5
2026-05-18 23:30:18 [http-nio-8080-exec-5] DEBUG c.e.employee.config.LoggingFilter - Header 'accept-language' = es-MX,es;q=0.9,en-US;q=0.8,en;q=0.7
2026-05-18 23:30:18 [http-nio-8080-exec-5] DEBUG c.e.employee.config.LoggingFilter - Header 'accept-encoding' = gzip, deflate, br, zstd
2026-05-18 23:30:18 [http-nio-8080-exec-5] DEBUG c.e.employee.config.LoggingFilter - Header 'connection' = keep-alive
2026-05-18 23:30:18 [http-nio-8080-exec-5] DEBUG c.e.employee.config.LoggingFilter - Header 'referer' = http://localhost:8080/swagger-ui/index.html
2026-05-18 23:30:18 [http-nio-8080-exec-5] DEBUG c.e.employee.config.LoggingFilter - Header 'cookie' = JSESSIONID=595139CC24D11620FCCA29F5FB490534
2026-05-18 23:30:18 [http-nio-8080-exec-5] DEBUG c.e.employee.config.LoggingFilter - Header 'sec-fetch-dest' = image
2026-05-18 23:30:18 [http-nio-8080-exec-5] DEBUG c.e.employee.config.LoggingFilter - Header 'sec-fetch-mode' = no-cors
2026-05-18 23:30:18 [http-nio-8080-exec-5] DEBUG c.e.employee.config.LoggingFilter - Header 'sec-fetch-site' = same-origin
2026-05-18 23:30:18 [http-nio-8080-exec-5] DEBUG c.e.employee.config.LoggingFilter - Header 'priority' = u=6
2026-05-18 23:30:18 [http-nio-8080-exec-5] DEBUG c.e.employee.config.LoggingFilter - Header 'pragma' = no-cache
2026-05-18 23:30:18 [http-nio-8080-exec-5] DEBUG c.e.employee.config.LoggingFilter - Header 'cache-control' = no-cache
2026-05-18 23:30:18 [http-nio-8080-exec-5] INFO  c.e.employee.config.LoggingFilter - Response status: 200
2026-05-18 23:30:18 [http-nio-8080-exec-9] INFO  c.e.employee.config.LoggingFilter - Incoming request: GET /swagger-ui/index.html
2026-05-18 23:30:18 [http-nio-8080-exec-9] DEBUG c.e.employee.config.LoggingFilter - Header 'host' = localhost:8080
2026-05-18 23:30:18 [http-nio-8080-exec-9] DEBUG c.e.employee.config.LoggingFilter - Header 'user-agent' = Mozilla/5.0 (Windows NT 10.0; Win64; x64; rv:150.0) Gecko/20100101 Firefox/150.0
2026-05-18 23:30:18 [http-nio-8080-exec-9] DEBUG c.e.employee.config.LoggingFilter - Header 'accept' = text/html,application/xhtml+xml,application/xml;q=0.9,*/*;q=0.8
2026-05-18 23:30:18 [http-nio-8080-exec-9] DEBUG c.e.employee.config.LoggingFilter - Header 'accept-language' = es-MX,es;q=0.9,en-US;q=0.8,en;q=0.7
2026-05-18 23:30:18 [http-nio-8080-exec-9] DEBUG c.e.employee.config.LoggingFilter - Header 'accept-encoding' = gzip, deflate, br, zstd
2026-05-18 23:30:18 [http-nio-8080-exec-9] DEBUG c.e.employee.config.LoggingFilter - Header 'connection' = keep-alive
2026-05-18 23:30:18 [http-nio-8080-exec-9] DEBUG c.e.employee.config.LoggingFilter - Header 'cookie' = JSESSIONID=595139CC24D11620FCCA29F5FB490534
2026-05-18 23:30:18 [http-nio-8080-exec-9] DEBUG c.e.employee.config.LoggingFilter - Header 'upgrade-insecure-requests' = 1
2026-05-18 23:30:18 [http-nio-8080-exec-9] DEBUG c.e.employee.config.LoggingFilter - Header 'sec-fetch-dest' = document
2026-05-18 23:30:18 [http-nio-8080-exec-9] DEBUG c.e.employee.config.LoggingFilter - Header 'sec-fetch-mode' = navigate
2026-05-18 23:30:18 [http-nio-8080-exec-9] DEBUG c.e.employee.config.LoggingFilter - Header 'sec-fetch-site' = none
2026-05-18 23:30:18 [http-nio-8080-exec-9] DEBUG c.e.employee.config.LoggingFilter - Header 'sec-fetch-user' = ?1
2026-05-18 23:30:18 [http-nio-8080-exec-9] DEBUG c.e.employee.config.LoggingFilter - Header 'priority' = u=0, i
2026-05-18 23:30:18 [http-nio-8080-exec-9] DEBUG c.e.employee.config.LoggingFilter - Header 'pragma' = no-cache
2026-05-18 23:30:18 [http-nio-8080-exec-9] DEBUG c.e.employee.config.LoggingFilter - Header 'cache-control' = no-cache
2026-05-18 23:30:18 [http-nio-8080-exec-9] INFO  c.e.employee.config.LoggingFilter - Response status: 200
2026-05-18 23:30:18 [http-nio-8080-exec-1] INFO  c.e.employee.config.LoggingFilter - Incoming request: GET /swagger-ui/swagger-ui.css
2026-05-18 23:30:18 [http-nio-8080-exec-1] DEBUG c.e.employee.config.LoggingFilter - Header 'host' = localhost:8080
2026-05-18 23:30:18 [http-nio-8080-exec-1] DEBUG c.e.employee.config.LoggingFilter - Header 'user-agent' = Mozilla/5.0 (Windows NT 10.0; Win64; x64; rv:150.0) Gecko/20100101 Firefox/150.0
2026-05-18 23:30:18 [http-nio-8080-exec-1] DEBUG c.e.employee.config.LoggingFilter - Header 'accept' = text/css,*/*;q=0.1
2026-05-18 23:30:18 [http-nio-8080-exec-1] DEBUG c.e.employee.config.LoggingFilter - Header 'accept-language' = es-MX,es;q=0.9,en-US;q=0.8,en;q=0.7
2026-05-18 23:30:18 [http-nio-8080-exec-1] DEBUG c.e.employee.config.LoggingFilter - Header 'accept-encoding' = gzip, deflate, br, zstd
2026-05-18 23:30:18 [http-nio-8080-exec-1] DEBUG c.e.employee.config.LoggingFilter - Header 'connection' = keep-alive
2026-05-18 23:30:18 [http-nio-8080-exec-1] DEBUG c.e.employee.config.LoggingFilter - Header 'referer' = http://localhost:8080/swagger-ui/index.html
2026-05-18 23:30:18 [http-nio-8080-exec-1] DEBUG c.e.employee.config.LoggingFilter - Header 'cookie' = JSESSIONID=595139CC24D11620FCCA29F5FB490534
2026-05-18 23:30:18 [http-nio-8080-exec-1] DEBUG c.e.employee.config.LoggingFilter - Header 'sec-fetch-dest' = style
2026-05-18 23:30:18 [http-nio-8080-exec-1] DEBUG c.e.employee.config.LoggingFilter - Header 'sec-fetch-mode' = no-cors
2026-05-18 23:30:18 [http-nio-8080-exec-1] DEBUG c.e.employee.config.LoggingFilter - Header 'sec-fetch-site' = same-origin
2026-05-18 23:30:18 [http-nio-8080-exec-1] DEBUG c.e.employee.config.LoggingFilter - Header 'priority' = u=2
2026-05-18 23:30:18 [http-nio-8080-exec-1] DEBUG c.e.employee.config.LoggingFilter - Header 'pragma' = no-cache
2026-05-18 23:30:18 [http-nio-8080-exec-1] DEBUG c.e.employee.config.LoggingFilter - Header 'cache-control' = no-cache
2026-05-18 23:30:18 [http-nio-8080-exec-3] INFO  c.e.employee.config.LoggingFilter - Incoming request: GET /swagger-ui/swagger-ui-bundle.js
2026-05-18 23:30:18 [http-nio-8080-exec-3] DEBUG c.e.employee.config.LoggingFilter - Header 'host' = localhost:8080
2026-05-18 23:30:18 [http-nio-8080-exec-3] DEBUG c.e.employee.config.LoggingFilter - Header 'user-agent' = Mozilla/5.0 (Windows NT 10.0; Win64; x64; rv:150.0) Gecko/20100101 Firefox/150.0
2026-05-18 23:30:18 [http-nio-8080-exec-3] DEBUG c.e.employee.config.LoggingFilter - Header 'accept' = */*
2026-05-18 23:30:18 [http-nio-8080-exec-3] DEBUG c.e.employee.config.LoggingFilter - Header 'accept-language' = es-MX,es;q=0.9,en-US;q=0.8,en;q=0.7
2026-05-18 23:30:18 [http-nio-8080-exec-3] DEBUG c.e.employee.config.LoggingFilter - Header 'accept-encoding' = gzip, deflate, br, zstd
2026-05-18 23:30:18 [http-nio-8080-exec-3] DEBUG c.e.employee.config.LoggingFilter - Header 'connection' = keep-alive
2026-05-18 23:30:18 [http-nio-8080-exec-3] DEBUG c.e.employee.config.LoggingFilter - Header 'referer' = http://localhost:8080/swagger-ui/index.html
2026-05-18 23:30:18 [http-nio-8080-exec-7] INFO  c.e.employee.config.LoggingFilter - Incoming request: GET /swagger-ui/swagger-ui-standalone-preset.js
2026-05-18 23:30:18 [http-nio-8080-exec-5] INFO  c.e.employee.config.LoggingFilter - Incoming request: GET /swagger-ui/index.css
2026-05-18 23:30:18 [http-nio-8080-exec-7] DEBUG c.e.employee.config.LoggingFilter - Header 'host' = localhost:8080
2026-05-18 23:30:18 [http-nio-8080-exec-6] INFO  c.e.employee.config.LoggingFilter - Incoming request: GET /swagger-ui/swagger-initializer.js
2026-05-18 23:30:18 [http-nio-8080-exec-7] DEBUG c.e.employee.config.LoggingFilter - Header 'user-agent' = Mozilla/5.0 (Windows NT 10.0; Win64; x64; rv:150.0) Gecko/20100101 Firefox/150.0
2026-05-18 23:30:18 [http-nio-8080-exec-3] DEBUG c.e.employee.config.LoggingFilter - Header 'cookie' = JSESSIONID=595139CC24D11620FCCA29F5FB490534
2026-05-18 23:30:18 [http-nio-8080-exec-7] DEBUG c.e.employee.config.LoggingFilter - Header 'accept' = */*
2026-05-18 23:30:18 [http-nio-8080-exec-5] DEBUG c.e.employee.config.LoggingFilter - Header 'host' = localhost:8080
2026-05-18 23:30:18 [http-nio-8080-exec-7] DEBUG c.e.employee.config.LoggingFilter - Header 'accept-language' = es-MX,es;q=0.9,en-US;q=0.8,en;q=0.7
2026-05-18 23:30:18 [http-nio-8080-exec-5] DEBUG c.e.employee.config.LoggingFilter - Header 'user-agent' = Mozilla/5.0 (Windows NT 10.0; Win64; x64; rv:150.0) Gecko/20100101 Firefox/150.0
2026-05-18 23:30:18 [http-nio-8080-exec-5] DEBUG c.e.employee.config.LoggingFilter - Header 'accept' = text/css,*/*;q=0.1
2026-05-18 23:30:18 [http-nio-8080-exec-5] DEBUG c.e.employee.config.LoggingFilter - Header 'accept-language' = es-MX,es;q=0.9,en-US;q=0.8,en;q=0.7
2026-05-18 23:30:18 [http-nio-8080-exec-5] DEBUG c.e.employee.config.LoggingFilter - Header 'accept-encoding' = gzip, deflate, br, zstd
2026-05-18 23:30:18 [http-nio-8080-exec-6] DEBUG c.e.employee.config.LoggingFilter - Header 'host' = localhost:8080
2026-05-18 23:30:18 [http-nio-8080-exec-5] DEBUG c.e.employee.config.LoggingFilter - Header 'connection' = keep-alive
2026-05-18 23:30:18 [http-nio-8080-exec-7] DEBUG c.e.employee.config.LoggingFilter - Header 'accept-encoding' = gzip, deflate, br, zstd
2026-05-18 23:30:18 [http-nio-8080-exec-3] DEBUG c.e.employee.config.LoggingFilter - Header 'sec-fetch-dest' = script
2026-05-18 23:30:18 [http-nio-8080-exec-7] DEBUG c.e.employee.config.LoggingFilter - Header 'connection' = keep-alive
2026-05-18 23:30:18 [http-nio-8080-exec-6] DEBUG c.e.employee.config.LoggingFilter - Header 'user-agent' = Mozilla/5.0 (Windows NT 10.0; Win64; x64; rv:150.0) Gecko/20100101 Firefox/150.0
2026-05-18 23:30:18 [http-nio-8080-exec-7] DEBUG c.e.employee.config.LoggingFilter - Header 'referer' = http://localhost:8080/swagger-ui/index.html
2026-05-18 23:30:18 [http-nio-8080-exec-5] DEBUG c.e.employee.config.LoggingFilter - Header 'referer' = http://localhost:8080/swagger-ui/index.html
2026-05-18 23:30:18 [http-nio-8080-exec-3] DEBUG c.e.employee.config.LoggingFilter - Header 'sec-fetch-mode' = no-cors
2026-05-18 23:30:18 [http-nio-8080-exec-7] DEBUG c.e.employee.config.LoggingFilter - Header 'cookie' = JSESSIONID=595139CC24D11620FCCA29F5FB490534
2026-05-18 23:30:18 [http-nio-8080-exec-3] DEBUG c.e.employee.config.LoggingFilter - Header 'sec-fetch-site' = same-origin
2026-05-18 23:30:18 [http-nio-8080-exec-3] DEBUG c.e.employee.config.LoggingFilter - Header 'pragma' = no-cache
2026-05-18 23:30:18 [http-nio-8080-exec-6] DEBUG c.e.employee.config.LoggingFilter - Header 'accept' = */*
2026-05-18 23:30:18 [http-nio-8080-exec-5] DEBUG c.e.employee.config.LoggingFilter - Header 'cookie' = JSESSIONID=595139CC24D11620FCCA29F5FB490534
2026-05-18 23:30:18 [http-nio-8080-exec-6] DEBUG c.e.employee.config.LoggingFilter - Header 'accept-language' = es-MX,es;q=0.9,en-US;q=0.8,en;q=0.7
2026-05-18 23:30:18 [http-nio-8080-exec-5] DEBUG c.e.employee.config.LoggingFilter - Header 'sec-fetch-dest' = style
2026-05-18 23:30:18 [http-nio-8080-exec-6] DEBUG c.e.employee.config.LoggingFilter - Header 'accept-encoding' = gzip, deflate, br, zstd
2026-05-18 23:30:18 [http-nio-8080-exec-5] DEBUG c.e.employee.config.LoggingFilter - Header 'sec-fetch-mode' = no-cors
2026-05-18 23:30:18 [http-nio-8080-exec-6] DEBUG c.e.employee.config.LoggingFilter - Header 'connection' = keep-alive
2026-05-18 23:30:18 [http-nio-8080-exec-5] DEBUG c.e.employee.config.LoggingFilter - Header 'sec-fetch-site' = same-origin
2026-05-18 23:30:18 [http-nio-8080-exec-6] DEBUG c.e.employee.config.LoggingFilter - Header 'referer' = http://localhost:8080/swagger-ui/index.html
2026-05-18 23:30:18 [http-nio-8080-exec-6] DEBUG c.e.employee.config.LoggingFilter - Header 'cookie' = JSESSIONID=595139CC24D11620FCCA29F5FB490534
2026-05-18 23:30:18 [http-nio-8080-exec-3] DEBUG c.e.employee.config.LoggingFilter - Header 'cache-control' = no-cache
2026-05-18 23:30:18 [http-nio-8080-exec-7] DEBUG c.e.employee.config.LoggingFilter - Header 'sec-fetch-dest' = script
2026-05-18 23:30:18 [http-nio-8080-exec-7] DEBUG c.e.employee.config.LoggingFilter - Header 'sec-fetch-mode' = no-cors
2026-05-18 23:30:18 [http-nio-8080-exec-7] DEBUG c.e.employee.config.LoggingFilter - Header 'sec-fetch-site' = same-origin
2026-05-18 23:30:18 [http-nio-8080-exec-7] DEBUG c.e.employee.config.LoggingFilter - Header 'pragma' = no-cache
2026-05-18 23:30:18 [http-nio-8080-exec-5] DEBUG c.e.employee.config.LoggingFilter - Header 'priority' = u=2
2026-05-18 23:30:18 [http-nio-8080-exec-7] DEBUG c.e.employee.config.LoggingFilter - Header 'cache-control' = no-cache
2026-05-18 23:30:18 [http-nio-8080-exec-6] DEBUG c.e.employee.config.LoggingFilter - Header 'sec-fetch-dest' = script
2026-05-18 23:30:18 [http-nio-8080-exec-6] DEBUG c.e.employee.config.LoggingFilter - Header 'sec-fetch-mode' = no-cors
2026-05-18 23:30:18 [http-nio-8080-exec-6] DEBUG c.e.employee.config.LoggingFilter - Header 'sec-fetch-site' = same-origin
2026-05-18 23:30:18 [http-nio-8080-exec-6] DEBUG c.e.employee.config.LoggingFilter - Header 'pragma' = no-cache
2026-05-18 23:30:18 [http-nio-8080-exec-6] DEBUG c.e.employee.config.LoggingFilter - Header 'cache-control' = no-cache
2026-05-18 23:30:18 [http-nio-8080-exec-5] DEBUG c.e.employee.config.LoggingFilter - Header 'pragma' = no-cache
2026-05-18 23:30:18 [http-nio-8080-exec-5] DEBUG c.e.employee.config.LoggingFilter - Header 'cache-control' = no-cache
2026-05-18 23:30:18 [http-nio-8080-exec-1] INFO  c.e.employee.config.LoggingFilter - Response status: 200
2026-05-18 23:30:18 [http-nio-8080-exec-6] INFO  c.e.employee.config.LoggingFilter - Response status: 200
2026-05-18 23:30:18 [http-nio-8080-exec-5] INFO  c.e.employee.config.LoggingFilter - Response status: 200
2026-05-18 23:30:18 [http-nio-8080-exec-7] INFO  c.e.employee.config.LoggingFilter - Response status: 200
2026-05-18 23:30:18 [http-nio-8080-exec-3] INFO  c.e.employee.config.LoggingFilter - Response status: 200
2026-05-18 23:30:18 [http-nio-8080-exec-8] INFO  c.e.employee.config.LoggingFilter - Incoming request: GET /swagger-ui/favicon-32x32.png
2026-05-18 23:30:18 [http-nio-8080-exec-8] DEBUG c.e.employee.config.LoggingFilter - Header 'host' = localhost:8080
2026-05-18 23:30:18 [http-nio-8080-exec-8] DEBUG c.e.employee.config.LoggingFilter - Header 'user-agent' = Mozilla/5.0 (Windows NT 10.0; Win64; x64; rv:150.0) Gecko/20100101 Firefox/150.0
2026-05-18 23:30:18 [http-nio-8080-exec-8] DEBUG c.e.employee.config.LoggingFilter - Header 'accept' = image/avif,image/webp,image/png,image/svg+xml,image/*;q=0.8,*/*;q=0.5
2026-05-18 23:30:18 [http-nio-8080-exec-8] DEBUG c.e.employee.config.LoggingFilter - Header 'accept-language' = es-MX,es;q=0.9,en-US;q=0.8,en;q=0.7
2026-05-18 23:30:18 [http-nio-8080-exec-8] DEBUG c.e.employee.config.LoggingFilter - Header 'accept-encoding' = gzip, deflate, br, zstd
2026-05-18 23:30:18 [http-nio-8080-exec-8] DEBUG c.e.employee.config.LoggingFilter - Header 'connection' = keep-alive
2026-05-18 23:30:18 [http-nio-8080-exec-8] DEBUG c.e.employee.config.LoggingFilter - Header 'referer' = http://localhost:8080/swagger-ui/index.html
2026-05-18 23:30:18 [http-nio-8080-exec-8] DEBUG c.e.employee.config.LoggingFilter - Header 'cookie' = JSESSIONID=595139CC24D11620FCCA29F5FB490534
2026-05-18 23:30:18 [http-nio-8080-exec-8] DEBUG c.e.employee.config.LoggingFilter - Header 'sec-fetch-dest' = image
2026-05-18 23:30:18 [http-nio-8080-exec-8] DEBUG c.e.employee.config.LoggingFilter - Header 'sec-fetch-mode' = no-cors
2026-05-18 23:30:18 [http-nio-8080-exec-8] DEBUG c.e.employee.config.LoggingFilter - Header 'sec-fetch-site' = same-origin
2026-05-18 23:30:18 [http-nio-8080-exec-8] DEBUG c.e.employee.config.LoggingFilter - Header 'priority' = u=6
2026-05-18 23:30:18 [http-nio-8080-exec-8] DEBUG c.e.employee.config.LoggingFilter - Header 'pragma' = no-cache
2026-05-18 23:30:18 [http-nio-8080-exec-8] DEBUG c.e.employee.config.LoggingFilter - Header 'cache-control' = no-cache
2026-05-18 23:30:18 [http-nio-8080-exec-8] INFO  c.e.employee.config.LoggingFilter - Response status: 200
2026-05-18 23:30:18 [http-nio-8080-exec-4] INFO  c.e.employee.config.LoggingFilter - Incoming request: GET /v3/api-docs/swagger-config
2026-05-18 23:30:18 [http-nio-8080-exec-4] DEBUG c.e.employee.config.LoggingFilter - Header 'host' = localhost:8080
2026-05-18 23:30:18 [http-nio-8080-exec-4] DEBUG c.e.employee.config.LoggingFilter - Header 'user-agent' = Mozilla/5.0 (Windows NT 10.0; Win64; x64; rv:150.0) Gecko/20100101 Firefox/150.0
2026-05-18 23:30:18 [http-nio-8080-exec-4] DEBUG c.e.employee.config.LoggingFilter - Header 'accept' = */*
2026-05-18 23:30:18 [http-nio-8080-exec-4] DEBUG c.e.employee.config.LoggingFilter - Header 'accept-language' = es-MX,es;q=0.9,en-US;q=0.8,en;q=0.7
2026-05-18 23:30:18 [http-nio-8080-exec-4] DEBUG c.e.employee.config.LoggingFilter - Header 'accept-encoding' = gzip, deflate, br, zstd
2026-05-18 23:30:18 [http-nio-8080-exec-4] DEBUG c.e.employee.config.LoggingFilter - Header 'referer' = http://localhost:8080/swagger-ui/index.html
2026-05-18 23:30:18 [http-nio-8080-exec-4] DEBUG c.e.employee.config.LoggingFilter - Header 'connection' = keep-alive
2026-05-18 23:30:18 [http-nio-8080-exec-4] DEBUG c.e.employee.config.LoggingFilter - Header 'cookie' = JSESSIONID=595139CC24D11620FCCA29F5FB490534
2026-05-18 23:30:18 [http-nio-8080-exec-4] DEBUG c.e.employee.config.LoggingFilter - Header 'sec-fetch-dest' = empty
2026-05-18 23:30:18 [http-nio-8080-exec-4] DEBUG c.e.employee.config.LoggingFilter - Header 'sec-fetch-mode' = cors
2026-05-18 23:30:18 [http-nio-8080-exec-4] DEBUG c.e.employee.config.LoggingFilter - Header 'sec-fetch-site' = same-origin
2026-05-18 23:30:18 [http-nio-8080-exec-4] DEBUG c.e.employee.config.LoggingFilter - Header 'priority' = u=4
2026-05-18 23:30:18 [http-nio-8080-exec-4] INFO  c.e.employee.config.LoggingFilter - Response status: 200
2026-05-18 23:30:18 [http-nio-8080-exec-10] INFO  c.e.employee.config.LoggingFilter - Incoming request: GET /v3/api-docs
2026-05-18 23:30:18 [http-nio-8080-exec-10] DEBUG c.e.employee.config.LoggingFilter - Header 'host' = localhost:8080
2026-05-18 23:30:18 [http-nio-8080-exec-10] DEBUG c.e.employee.config.LoggingFilter - Header 'user-agent' = Mozilla/5.0 (Windows NT 10.0; Win64; x64; rv:150.0) Gecko/20100101 Firefox/150.0
2026-05-18 23:30:18 [http-nio-8080-exec-10] DEBUG c.e.employee.config.LoggingFilter - Header 'accept' = application/json,*/*
2026-05-18 23:30:18 [http-nio-8080-exec-10] DEBUG c.e.employee.config.LoggingFilter - Header 'accept-language' = es-MX,es;q=0.9,en-US;q=0.8,en;q=0.7
2026-05-18 23:30:18 [http-nio-8080-exec-10] DEBUG c.e.employee.config.LoggingFilter - Header 'accept-encoding' = gzip, deflate, br, zstd
2026-05-18 23:30:18 [http-nio-8080-exec-10] DEBUG c.e.employee.config.LoggingFilter - Header 'referer' = http://localhost:8080/swagger-ui/index.html
2026-05-18 23:30:18 [http-nio-8080-exec-10] DEBUG c.e.employee.config.LoggingFilter - Header 'connection' = keep-alive
2026-05-18 23:30:18 [http-nio-8080-exec-10] DEBUG c.e.employee.config.LoggingFilter - Header 'cookie' = JSESSIONID=595139CC24D11620FCCA29F5FB490534
2026-05-18 23:30:18 [http-nio-8080-exec-10] DEBUG c.e.employee.config.LoggingFilter - Header 'sec-fetch-dest' = empty
2026-05-18 23:30:18 [http-nio-8080-exec-10] DEBUG c.e.employee.config.LoggingFilter - Header 'sec-fetch-mode' = cors
2026-05-18 23:30:18 [http-nio-8080-exec-10] DEBUG c.e.employee.config.LoggingFilter - Header 'sec-fetch-site' = same-origin
2026-05-18 23:30:18 [http-nio-8080-exec-10] DEBUG c.e.employee.config.LoggingFilter - Header 'priority' = u=4
2026-05-18 23:30:18 [http-nio-8080-exec-10] INFO  c.e.employee.config.LoggingFilter - Response status: 200
2026-05-18 23:31:57 [SpringApplicationShutdownHook] INFO  o.s.o.j.LocalContainerEntityManagerFactoryBean - Closing JPA EntityManagerFactory for persistence unit 'default'
2026-05-18 23:31:57 [SpringApplicationShutdownHook] INFO  com.zaxxer.hikari.HikariDataSource - HikariPool-1 - Shutdown initiated...
2026-05-18 23:31:57 [SpringApplicationShutdownHook] INFO  com.zaxxer.hikari.HikariDataSource - HikariPool-1 - Shutdown completed.
2026-05-18 23:32:49 [main] INFO  c.e.e.EmployeeServiceApplication - Starting EmployeeServiceApplication using Java 17.0.19 on K0771N_LENOVOI5 with PID 17416 (C:\Users\MARCO\IdeaProjects\employee-service\build\classes\java\main started by MARCO in C:\Users\MARCO\IdeaProjects\employee-service)
2026-05-18 23:32:49 [main] DEBUG c.e.e.EmployeeServiceApplication - Running with Spring Boot v2.7.18, Spring v5.3.31
2026-05-18 23:32:49 [main] INFO  c.e.e.EmployeeServiceApplication - The following 1 profile is active: "dev"
2026-05-18 23:32:50 [main] INFO  o.s.d.r.c.RepositoryConfigurationDelegate - Bootstrapping Spring Data JPA repositories in DEFAULT mode.
2026-05-18 23:32:50 [main] INFO  o.s.d.r.c.RepositoryConfigurationDelegate - Finished Spring Data repository scanning in 41 ms. Found 1 JPA repository interfaces.
2026-05-18 23:32:50 [main] INFO  o.s.b.w.e.tomcat.TomcatWebServer - Tomcat initialized with port(s): 8080 (http)
2026-05-18 23:32:50 [main] INFO  o.a.catalina.core.StandardService - Starting service [Tomcat]
2026-05-18 23:32:50 [main] INFO  o.a.catalina.core.StandardEngine - Starting Servlet engine: [Apache Tomcat/9.0.83]
2026-05-18 23:32:51 [main] INFO  o.a.c.c.C.[Tomcat].[localhost].[/] - Initializing Spring embedded WebApplicationContext
2026-05-18 23:32:51 [main] INFO  o.s.b.w.s.c.ServletWebServerApplicationContext - Root WebApplicationContext: initialization completed in 1108 ms
2026-05-18 23:32:51 [main] DEBUG c.e.employee.config.LoggingFilter - Filter 'loggingFilter' configured for use
2026-05-18 23:32:51 [main] INFO  o.h.jpa.internal.util.LogHelper - HHH000204: Processing PersistenceUnitInfo [name: default]
2026-05-18 23:32:51 [main] INFO  org.hibernate.Version - HHH000412: Hibernate ORM core version 5.6.15.Final
2026-05-18 23:32:51 [main] INFO  o.h.annotations.common.Version - HCANN000001: Hibernate Commons Annotations {5.1.2.Final}
2026-05-18 23:32:51 [main] INFO  com.zaxxer.hikari.HikariDataSource - HikariPool-1 - Starting...
2026-05-18 23:32:52 [main] INFO  com.zaxxer.hikari.HikariDataSource - HikariPool-1 - Start completed.
2026-05-18 23:32:52 [main] INFO  org.hibernate.dialect.Dialect - HHH000400: Using dialect: org.hibernate.dialect.MySQL8Dialect
2026-05-18 23:32:53 [main] INFO  o.h.e.t.j.p.i.JtaPlatformInitiator - HHH000490: Using JtaPlatform implementation: [org.hibernate.engine.transaction.jta.platform.internal.NoJtaPlatform]
2026-05-18 23:32:53 [main] INFO  o.s.o.j.LocalContainerEntityManagerFactoryBean - Initialized JPA EntityManagerFactory for persistence unit 'default'
2026-05-18 23:32:53 [main] INFO  o.s.s.web.DefaultSecurityFilterChain - Will secure any request with [org.springframework.security.web.session.DisableEncodeUrlFilter@49c6ee4a, org.springframework.security.web.context.request.async.WebAsyncManagerIntegrationFilter@4dd425dc, org.springframework.security.web.context.SecurityContextPersistenceFilter@47e70f54, org.springframework.security.web.header.HeaderWriterFilter@45f6181a, org.springframework.security.web.authentication.logout.LogoutFilter@712594f4, org.springframework.security.web.authentication.www.BasicAuthenticationFilter@c3114ea, org.springframework.security.web.savedrequest.RequestCacheAwareFilter@45302e66, org.springframework.security.web.servletapi.SecurityContextHolderAwareRequestFilter@47c422d3, org.springframework.security.web.authentication.AnonymousAuthenticationFilter@4549d616, org.springframework.security.web.session.SessionManagementFilter@113cc14d, org.springframework.security.web.access.ExceptionTranslationFilter@4e553d60, org.springframework.security.web.access.intercept.FilterSecurityInterceptor@7891742e]
2026-05-18 23:32:53 [main] WARN  o.s.b.a.o.j.JpaBaseConfiguration$JpaWebConfiguration - spring.jpa.open-in-view is enabled by default. Therefore, database queries may be performed during view rendering. Explicitly configure spring.jpa.open-in-view to disable this warning
2026-05-18 23:32:54 [main] INFO  o.s.b.a.e.web.EndpointLinksResolver - Exposing 2 endpoint(s) beneath base path '/actuator'
2026-05-18 23:32:54 [main] INFO  o.s.b.w.e.tomcat.TomcatWebServer - Tomcat started on port(s): 8080 (http) with context path ''
2026-05-18 23:32:54 [main] INFO  c.e.e.EmployeeServiceApplication - Started EmployeeServiceApplication in 4.71 seconds (JVM running for 5.073)
2026-05-18 23:32:54 [RMI TCP Connection(2)-192.168.1.123] INFO  o.a.c.c.C.[Tomcat].[localhost].[/] - Initializing Spring DispatcherServlet 'dispatcherServlet'
2026-05-18 23:32:54 [RMI TCP Connection(2)-192.168.1.123] INFO  o.s.web.servlet.DispatcherServlet - Initializing Servlet 'dispatcherServlet'
2026-05-18 23:32:54 [RMI TCP Connection(2)-192.168.1.123] INFO  o.s.web.servlet.DispatcherServlet - Completed initialization in 1 ms
2026-05-18 23:35:12 [http-nio-8080-exec-4] INFO  c.e.employee.config.LoggingFilter - Incoming request: GET /employees
2026-05-18 23:35:12 [http-nio-8080-exec-4] DEBUG c.e.employee.config.LoggingFilter - Header 'authorization' = Basic bWFyY286cGFzc3dvcmQxMjM=
2026-05-18 23:35:12 [http-nio-8080-exec-4] DEBUG c.e.employee.config.LoggingFilter - Header 'user-agent' = PostmanRuntime/7.54.0
2026-05-18 23:35:12 [http-nio-8080-exec-4] DEBUG c.e.employee.config.LoggingFilter - Header 'accept' = */*
2026-05-18 23:35:12 [http-nio-8080-exec-4] DEBUG c.e.employee.config.LoggingFilter - Header 'postman-token' = 9b9c8cf8-ffcf-4877-aece-686f157fae67
2026-05-18 23:35:12 [http-nio-8080-exec-4] DEBUG c.e.employee.config.LoggingFilter - Header 'host' = localhost:8080
2026-05-18 23:35:12 [http-nio-8080-exec-4] DEBUG c.e.employee.config.LoggingFilter - Header 'accept-encoding' = gzip, deflate, br
2026-05-18 23:35:12 [http-nio-8080-exec-4] DEBUG c.e.employee.config.LoggingFilter - Header 'connection' = keep-alive
2026-05-18 23:35:13 [http-nio-8080-exec-4] INFO  c.e.e.service.EmployeeServiceImpl - Fetching all employees from database
2026-05-18 23:35:13 [http-nio-8080-exec-4] INFO  c.e.e.service.EmployeeServiceImpl - Total employees fetched: 1
2026-05-18 23:35:13 [http-nio-8080-exec-4] INFO  c.e.employee.config.LoggingFilter - Response status: 200
2026-05-18 23:35:29 [http-nio-8080-exec-2] INFO  c.e.employee.config.LoggingFilter - Incoming request: GET /employees
2026-05-18 23:35:29 [http-nio-8080-exec-2] DEBUG c.e.employee.config.LoggingFilter - Header 'authorization' = Basic bWFyY286cGFzc3dvcmQxMjM=
2026-05-18 23:35:29 [http-nio-8080-exec-2] DEBUG c.e.employee.config.LoggingFilter - Header 'user-agent' = PostmanRuntime/7.54.0
2026-05-18 23:35:29 [http-nio-8080-exec-2] DEBUG c.e.employee.config.LoggingFilter - Header 'accept' = */*
2026-05-18 23:35:29 [http-nio-8080-exec-2] DEBUG c.e.employee.config.LoggingFilter - Header 'postman-token' = c68b2eb3-0b2b-4b20-a585-5f12d07d1a4c
2026-05-18 23:35:29 [http-nio-8080-exec-2] DEBUG c.e.employee.config.LoggingFilter - Header 'host' = localhost:8080
2026-05-18 23:35:29 [http-nio-8080-exec-2] DEBUG c.e.employee.config.LoggingFilter - Header 'accept-encoding' = gzip, deflate, br
2026-05-18 23:35:29 [http-nio-8080-exec-2] DEBUG c.e.employee.config.LoggingFilter - Header 'connection' = keep-alive
2026-05-18 23:35:29 [http-nio-8080-exec-2] DEBUG c.e.employee.config.LoggingFilter - Header 'cookie' = JSESSIONID=7A34266CD29286882D1360742B6C344F
2026-05-18 23:35:29 [http-nio-8080-exec-2] INFO  c.e.employee.config.LoggingFilter - Response status: 400
2026-05-18 23:35:41 [http-nio-8080-exec-5] INFO  c.e.employee.config.LoggingFilter - Incoming request: GET /employees
2026-05-18 23:35:41 [http-nio-8080-exec-5] DEBUG c.e.employee.config.LoggingFilter - Header 'authorization' = Basic bWFyY286cGFzc3dvcmQxMjM=
2026-05-18 23:35:41 [http-nio-8080-exec-5] DEBUG c.e.employee.config.LoggingFilter - Header 'user-agent' = PostmanRuntime/7.54.0
2026-05-18 23:35:41 [http-nio-8080-exec-5] DEBUG c.e.employee.config.LoggingFilter - Header 'accept' = */*
2026-05-18 23:35:41 [http-nio-8080-exec-5] DEBUG c.e.employee.config.LoggingFilter - Header 'postman-token' = 54f547c2-971f-41f0-b005-0aefa857e517
2026-05-18 23:35:41 [http-nio-8080-exec-5] DEBUG c.e.employee.config.LoggingFilter - Header 'host' = localhost:8080
2026-05-18 23:35:41 [http-nio-8080-exec-5] DEBUG c.e.employee.config.LoggingFilter - Header 'accept-encoding' = gzip, deflate, br
2026-05-18 23:35:41 [http-nio-8080-exec-5] DEBUG c.e.employee.config.LoggingFilter - Header 'connection' = keep-alive
2026-05-18 23:35:41 [http-nio-8080-exec-5] DEBUG c.e.employee.config.LoggingFilter - Header 'cookie' = JSESSIONID=7A34266CD29286882D1360742B6C344F
2026-05-18 23:35:41 [http-nio-8080-exec-5] INFO  c.e.employee.config.LoggingFilter - Response status: 400
2026-05-18 23:35:47 [http-nio-8080-exec-8] INFO  c.e.employee.config.LoggingFilter - Incoming request: GET /employees
2026-05-18 23:35:47 [http-nio-8080-exec-8] DEBUG c.e.employee.config.LoggingFilter - Header 'authorization' = Basic bWFyY286cGFzc3dvcmQxMjM=
2026-05-18 23:35:47 [http-nio-8080-exec-8] DEBUG c.e.employee.config.LoggingFilter - Header 'user-agent' = PostmanRuntime/7.54.0
2026-05-18 23:35:47 [http-nio-8080-exec-8] DEBUG c.e.employee.config.LoggingFilter - Header 'accept' = */*
2026-05-18 23:35:47 [http-nio-8080-exec-8] DEBUG c.e.employee.config.LoggingFilter - Header 'postman-token' = 58ea5e4b-7daf-47b0-8704-87ece3835c36
2026-05-18 23:35:47 [http-nio-8080-exec-8] DEBUG c.e.employee.config.LoggingFilter - Header 'host' = localhost:8080
2026-05-18 23:35:47 [http-nio-8080-exec-8] DEBUG c.e.employee.config.LoggingFilter - Header 'accept-encoding' = gzip, deflate, br
2026-05-18 23:35:47 [http-nio-8080-exec-8] DEBUG c.e.employee.config.LoggingFilter - Header 'connection' = keep-alive
2026-05-18 23:35:47 [http-nio-8080-exec-8] DEBUG c.e.employee.config.LoggingFilter - Header 'cookie' = JSESSIONID=7A34266CD29286882D1360742B6C344F
2026-05-18 23:35:47 [http-nio-8080-exec-8] INFO  c.e.e.service.EmployeeServiceImpl - Fetching all employees from database
2026-05-18 23:35:47 [http-nio-8080-exec-8] INFO  c.e.e.service.EmployeeServiceImpl - Total employees fetched: 1
2026-05-18 23:35:47 [http-nio-8080-exec-8] INFO  c.e.employee.config.LoggingFilter - Response status: 200
2026-05-18 23:37:12 [http-nio-8080-exec-9] INFO  c.e.employee.config.LoggingFilter - Incoming request: GET /employees
2026-05-18 23:37:12 [http-nio-8080-exec-9] DEBUG c.e.employee.config.LoggingFilter - Header 'authorization' = Basic bWFyY286cGFzc3dvcmQxMjM=
2026-05-18 23:37:12 [http-nio-8080-exec-9] DEBUG c.e.employee.config.LoggingFilter - Header 'user-agent' = PostmanRuntime/7.54.0
2026-05-18 23:37:12 [http-nio-8080-exec-9] DEBUG c.e.employee.config.LoggingFilter - Header 'accept' = */*
2026-05-18 23:37:12 [http-nio-8080-exec-9] DEBUG c.e.employee.config.LoggingFilter - Header 'postman-token' = 16e43587-6e8b-488a-801d-410621d17ddb
2026-05-18 23:37:12 [http-nio-8080-exec-9] DEBUG c.e.employee.config.LoggingFilter - Header 'host' = localhost:8080
2026-05-18 23:37:12 [http-nio-8080-exec-9] DEBUG c.e.employee.config.LoggingFilter - Header 'accept-encoding' = gzip, deflate, br
2026-05-18 23:37:12 [http-nio-8080-exec-9] DEBUG c.e.employee.config.LoggingFilter - Header 'connection' = keep-alive
2026-05-18 23:37:12 [http-nio-8080-exec-9] DEBUG c.e.employee.config.LoggingFilter - Header 'cookie' = JSESSIONID=7A34266CD29286882D1360742B6C344F
2026-05-18 23:37:12 [http-nio-8080-exec-9] INFO  c.e.employee.config.LoggingFilter - Response status: 400
2026-05-18 23:38:28 [http-nio-8080-exec-1] INFO  c.e.employee.config.LoggingFilter - Incoming request: GET /employees
2026-05-18 23:38:28 [http-nio-8080-exec-1] DEBUG c.e.employee.config.LoggingFilter - Header 'authorization' = Basic bWFyY286cGFzc3dvcmQxMjM=
2026-05-18 23:38:28 [http-nio-8080-exec-1] DEBUG c.e.employee.config.LoggingFilter - Header 'user-agent' = PostmanRuntime/7.54.0
2026-05-18 23:38:28 [http-nio-8080-exec-1] DEBUG c.e.employee.config.LoggingFilter - Header 'accept' = */*
2026-05-18 23:38:28 [http-nio-8080-exec-1] DEBUG c.e.employee.config.LoggingFilter - Header 'postman-token' = 934f29c8-6dc5-4be4-93af-42d897b69cf6
2026-05-18 23:38:28 [http-nio-8080-exec-1] DEBUG c.e.employee.config.LoggingFilter - Header 'host' = localhost:8080
2026-05-18 23:38:28 [http-nio-8080-exec-1] DEBUG c.e.employee.config.LoggingFilter - Header 'accept-encoding' = gzip, deflate, br
2026-05-18 23:38:28 [http-nio-8080-exec-1] DEBUG c.e.employee.config.LoggingFilter - Header 'connection' = keep-alive
2026-05-18 23:38:28 [http-nio-8080-exec-1] DEBUG c.e.employee.config.LoggingFilter - Header 'cookie' = JSESSIONID=7A34266CD29286882D1360742B6C344F
2026-05-18 23:38:28 [http-nio-8080-exec-1] INFO  c.e.e.service.EmployeeServiceImpl - Fetching all employees from database
2026-05-18 23:38:28 [http-nio-8080-exec-1] INFO  c.e.e.service.EmployeeServiceImpl - Total employees fetched: 1
2026-05-18 23:38:28 [http-nio-8080-exec-1] INFO  c.e.employee.config.LoggingFilter - Response status: 200
2026-05-18 23:39:17 [http-nio-8080-exec-2] INFO  c.e.employee.config.LoggingFilter - Incoming request: GET /employees
2026-05-18 23:39:17 [http-nio-8080-exec-2] DEBUG c.e.employee.config.LoggingFilter - Header 'authorization' = Basic bWFyY286cGFzc3dvcmQxMjM=
2026-05-18 23:39:17 [http-nio-8080-exec-2] DEBUG c.e.employee.config.LoggingFilter - Header 'user-agent' = PostmanRuntime/7.54.0
2026-05-18 23:39:17 [http-nio-8080-exec-2] DEBUG c.e.employee.config.LoggingFilter - Header 'accept' = */*
2026-05-18 23:39:17 [http-nio-8080-exec-2] DEBUG c.e.employee.config.LoggingFilter - Header 'postman-token' = a3feebb2-cb3a-4bfa-9faa-4ff58b3dba7c
2026-05-18 23:39:17 [http-nio-8080-exec-2] DEBUG c.e.employee.config.LoggingFilter - Header 'host' = localhost:8080
2026-05-18 23:39:17 [http-nio-8080-exec-2] DEBUG c.e.employee.config.LoggingFilter - Header 'accept-encoding' = gzip, deflate, br
2026-05-18 23:39:17 [http-nio-8080-exec-2] DEBUG c.e.employee.config.LoggingFilter - Header 'connection' = keep-alive
2026-05-18 23:39:17 [http-nio-8080-exec-2] DEBUG c.e.employee.config.LoggingFilter - Header 'cookie' = JSESSIONID=7A34266CD29286882D1360742B6C344F
2026-05-18 23:39:17 [http-nio-8080-exec-2] INFO  c.e.employee.config.LoggingFilter - Response status: 400
2026-05-18 23:39:41 [http-nio-8080-exec-3] INFO  c.e.employee.config.LoggingFilter - Incoming request: GET /employees/3
2026-05-18 23:39:41 [http-nio-8080-exec-3] DEBUG c.e.employee.config.LoggingFilter - Header 'authorization' = Basic bWFyY286cGFzc3dvcmQxMjM=
2026-05-18 23:39:41 [http-nio-8080-exec-3] DEBUG c.e.employee.config.LoggingFilter - Header 'user-agent' = PostmanRuntime/7.54.0
2026-05-18 23:39:41 [http-nio-8080-exec-3] DEBUG c.e.employee.config.LoggingFilter - Header 'accept' = */*
2026-05-18 23:39:41 [http-nio-8080-exec-3] DEBUG c.e.employee.config.LoggingFilter - Header 'postman-token' = 0c204aff-5bde-43b9-a558-69b659694b40
2026-05-18 23:39:41 [http-nio-8080-exec-3] DEBUG c.e.employee.config.LoggingFilter - Header 'host' = localhost:8080
2026-05-18 23:39:41 [http-nio-8080-exec-3] DEBUG c.e.employee.config.LoggingFilter - Header 'accept-encoding' = gzip, deflate, br
2026-05-18 23:39:41 [http-nio-8080-exec-3] DEBUG c.e.employee.config.LoggingFilter - Header 'connection' = keep-alive
2026-05-18 23:39:41 [http-nio-8080-exec-3] DEBUG c.e.employee.config.LoggingFilter - Header 'cookie' = JSESSIONID=7A34266CD29286882D1360742B6C344F
2026-05-18 23:39:41 [http-nio-8080-exec-3] INFO  c.e.e.service.EmployeeServiceImpl - Fetching employee with id=3
2026-05-18 23:39:41 [http-nio-8080-exec-3] INFO  c.e.employee.config.LoggingFilter - Response status: 404
2026-05-18 23:40:01 [http-nio-8080-exec-7] INFO  c.e.employee.config.LoggingFilter - Incoming request: GET /employees/1
2026-05-18 23:40:01 [http-nio-8080-exec-7] DEBUG c.e.employee.config.LoggingFilter - Header 'authorization' = Basic bWFyY286cGFzc3dvcmQxMjM=
2026-05-18 23:40:01 [http-nio-8080-exec-7] DEBUG c.e.employee.config.LoggingFilter - Header 'user-agent' = PostmanRuntime/7.54.0
2026-05-18 23:40:01 [http-nio-8080-exec-7] DEBUG c.e.employee.config.LoggingFilter - Header 'accept' = */*
2026-05-18 23:40:01 [http-nio-8080-exec-7] DEBUG c.e.employee.config.LoggingFilter - Header 'postman-token' = 71a0cd2b-8c3e-4d26-a761-400ea48ea8a4
2026-05-18 23:40:01 [http-nio-8080-exec-7] DEBUG c.e.employee.config.LoggingFilter - Header 'host' = localhost:8080
2026-05-18 23:40:01 [http-nio-8080-exec-7] DEBUG c.e.employee.config.LoggingFilter - Header 'accept-encoding' = gzip, deflate, br
2026-05-18 23:40:01 [http-nio-8080-exec-7] DEBUG c.e.employee.config.LoggingFilter - Header 'connection' = keep-alive
2026-05-18 23:40:01 [http-nio-8080-exec-7] DEBUG c.e.employee.config.LoggingFilter - Header 'cookie' = JSESSIONID=7A34266CD29286882D1360742B6C344F
2026-05-18 23:40:01 [http-nio-8080-exec-7] INFO  c.e.e.service.EmployeeServiceImpl - Fetching employee with id=1
2026-05-18 23:40:01 [http-nio-8080-exec-7] INFO  c.e.employee.config.LoggingFilter - Response status: 200
2026-05-18 23:40:22 [http-nio-8080-exec-8] INFO  c.e.employee.config.LoggingFilter - Incoming request: GET /employees/search
2026-05-18 23:40:22 [http-nio-8080-exec-8] DEBUG c.e.employee.config.LoggingFilter - Header 'authorization' = Basic bWFyY286cGFzc3dvcmQxMjM=
2026-05-18 23:40:22 [http-nio-8080-exec-8] DEBUG c.e.employee.config.LoggingFilter - Header 'user-agent' = PostmanRuntime/7.54.0
2026-05-18 23:40:22 [http-nio-8080-exec-8] DEBUG c.e.employee.config.LoggingFilter - Header 'accept' = */*
2026-05-18 23:40:22 [http-nio-8080-exec-8] DEBUG c.e.employee.config.LoggingFilter - Header 'postman-token' = 71939b24-a04d-45b7-a852-927e56483c90
2026-05-18 23:40:22 [http-nio-8080-exec-8] DEBUG c.e.employee.config.LoggingFilter - Header 'host' = localhost:8080
2026-05-18 23:40:22 [http-nio-8080-exec-8] DEBUG c.e.employee.config.LoggingFilter - Header 'accept-encoding' = gzip, deflate, br
2026-05-18 23:40:22 [http-nio-8080-exec-8] DEBUG c.e.employee.config.LoggingFilter - Header 'connection' = keep-alive
2026-05-18 23:40:22 [http-nio-8080-exec-8] DEBUG c.e.employee.config.LoggingFilter - Header 'cookie' = JSESSIONID=7A34266CD29286882D1360742B6C344F
2026-05-18 23:40:23 [http-nio-8080-exec-8] INFO  c.e.employee.config.LoggingFilter - Response status: 200
2026-05-18 23:40:46 [http-nio-8080-exec-6] INFO  c.e.employee.config.LoggingFilter - Incoming request: GET /employees/search
2026-05-18 23:40:46 [http-nio-8080-exec-6] DEBUG c.e.employee.config.LoggingFilter - Header 'authorization' = Basic bWFyY286cGFzc3dvcmQxMjM=
2026-05-18 23:40:46 [http-nio-8080-exec-6] DEBUG c.e.employee.config.LoggingFilter - Header 'user-agent' = PostmanRuntime/7.54.0
2026-05-18 23:40:46 [http-nio-8080-exec-6] DEBUG c.e.employee.config.LoggingFilter - Header 'accept' = */*
2026-05-18 23:40:46 [http-nio-8080-exec-6] DEBUG c.e.employee.config.LoggingFilter - Header 'postman-token' = 75fb0183-f8ab-49c1-9f5c-c2b88905c11c
2026-05-18 23:40:46 [http-nio-8080-exec-6] DEBUG c.e.employee.config.LoggingFilter - Header 'host' = localhost:8080
2026-05-18 23:40:46 [http-nio-8080-exec-6] DEBUG c.e.employee.config.LoggingFilter - Header 'accept-encoding' = gzip, deflate, br
2026-05-18 23:40:46 [http-nio-8080-exec-6] DEBUG c.e.employee.config.LoggingFilter - Header 'connection' = keep-alive
2026-05-18 23:40:46 [http-nio-8080-exec-6] DEBUG c.e.employee.config.LoggingFilter - Header 'cookie' = JSESSIONID=7A34266CD29286882D1360742B6C344F
2026-05-18 23:40:47 [http-nio-8080-exec-6] INFO  c.e.employee.config.LoggingFilter - Response status: 200
2026-05-18 23:40:55 [http-nio-8080-exec-10] INFO  c.e.employee.config.LoggingFilter - Incoming request: GET /employees/search
2026-05-18 23:40:55 [http-nio-8080-exec-10] DEBUG c.e.employee.config.LoggingFilter - Header 'authorization' = Basic bWFyY286cGFzc3dvcmQxMjM=
2026-05-18 23:40:55 [http-nio-8080-exec-10] DEBUG c.e.employee.config.LoggingFilter - Header 'user-agent' = PostmanRuntime/7.54.0
2026-05-18 23:40:55 [http-nio-8080-exec-10] DEBUG c.e.employee.config.LoggingFilter - Header 'accept' = */*
2026-05-18 23:40:55 [http-nio-8080-exec-10] DEBUG c.e.employee.config.LoggingFilter - Header 'postman-token' = bda56c29-b207-4008-b75a-c9a82c3f15fb
2026-05-18 23:40:55 [http-nio-8080-exec-10] DEBUG c.e.employee.config.LoggingFilter - Header 'host' = localhost:8080
2026-05-18 23:40:55 [http-nio-8080-exec-10] DEBUG c.e.employee.config.LoggingFilter - Header 'accept-encoding' = gzip, deflate, br
2026-05-18 23:40:55 [http-nio-8080-exec-10] DEBUG c.e.employee.config.LoggingFilter - Header 'connection' = keep-alive
2026-05-18 23:40:55 [http-nio-8080-exec-10] DEBUG c.e.employee.config.LoggingFilter - Header 'cookie' = JSESSIONID=7A34266CD29286882D1360742B6C344F
2026-05-18 23:40:55 [http-nio-8080-exec-10] INFO  c.e.employee.config.LoggingFilter - Response status: 200
2026-05-18 23:41:22 [http-nio-8080-exec-9] INFO  c.e.employee.config.LoggingFilter - Incoming request: POST /employees
2026-05-18 23:41:22 [http-nio-8080-exec-9] DEBUG c.e.employee.config.LoggingFilter - Header 'content-type' = application/json
2026-05-18 23:41:22 [http-nio-8080-exec-9] DEBUG c.e.employee.config.LoggingFilter - Header 'authorization' = Basic bWFyY286cGFzc3dvcmQxMjM=
2026-05-18 23:41:22 [http-nio-8080-exec-9] DEBUG c.e.employee.config.LoggingFilter - Header 'user-agent' = PostmanRuntime/7.54.0
2026-05-18 23:41:22 [http-nio-8080-exec-9] DEBUG c.e.employee.config.LoggingFilter - Header 'accept' = */*
2026-05-18 23:41:22 [http-nio-8080-exec-9] DEBUG c.e.employee.config.LoggingFilter - Header 'postman-token' = 28609fd9-9264-4e38-9a44-1a36bd4c6c4d
2026-05-18 23:41:22 [http-nio-8080-exec-9] DEBUG c.e.employee.config.LoggingFilter - Header 'host' = localhost:8080
2026-05-18 23:41:22 [http-nio-8080-exec-9] DEBUG c.e.employee.config.LoggingFilter - Header 'accept-encoding' = gzip, deflate, br
2026-05-18 23:41:22 [http-nio-8080-exec-9] DEBUG c.e.employee.config.LoggingFilter - Header 'connection' = keep-alive
2026-05-18 23:41:22 [http-nio-8080-exec-9] DEBUG c.e.employee.config.LoggingFilter - Header 'content-length' = 334
2026-05-18 23:41:22 [http-nio-8080-exec-9] DEBUG c.e.employee.config.LoggingFilter - Header 'cookie' = JSESSIONID=7A34266CD29286882D1360742B6C344F
2026-05-18 23:41:22 [http-nio-8080-exec-9] INFO  c.e.e.service.EmployeeServiceImpl - Starting employee insert process, total requests: 1
2026-05-18 23:41:22 [http-nio-8080-exec-9] DEBUG c.e.e.service.EmployeeServiceImpl - Processing employee: Marco Ramirez
2026-05-18 23:41:22 [http-nio-8080-exec-9] INFO  c.e.e.service.EmployeeServiceImpl - Inserted new employee: Marco Ramirez
2026-05-18 23:41:22 [http-nio-8080-exec-9] INFO  c.e.employee.config.LoggingFilter - Response status: 201
2026-05-18 23:42:05 [http-nio-8080-exec-4] INFO  c.e.employee.config.LoggingFilter - Incoming request: POST /employees
2026-05-18 23:42:05 [http-nio-8080-exec-4] DEBUG c.e.employee.config.LoggingFilter - Header 'content-type' = application/json
2026-05-18 23:42:05 [http-nio-8080-exec-4] DEBUG c.e.employee.config.LoggingFilter - Header 'authorization' = Basic bWFyY286cGFzc3dvcmQxMjM=
2026-05-18 23:42:05 [http-nio-8080-exec-4] DEBUG c.e.employee.config.LoggingFilter - Header 'user-agent' = PostmanRuntime/7.54.0
2026-05-18 23:42:05 [http-nio-8080-exec-4] DEBUG c.e.employee.config.LoggingFilter - Header 'accept' = */*
2026-05-18 23:42:05 [http-nio-8080-exec-4] DEBUG c.e.employee.config.LoggingFilter - Header 'postman-token' = db4c81b1-4cec-4c23-99cb-fe0dbbf4f0f1
2026-05-18 23:42:05 [http-nio-8080-exec-4] DEBUG c.e.employee.config.LoggingFilter - Header 'host' = localhost:8080
2026-05-18 23:42:05 [http-nio-8080-exec-4] DEBUG c.e.employee.config.LoggingFilter - Header 'accept-encoding' = gzip, deflate, br
2026-05-18 23:42:05 [http-nio-8080-exec-4] DEBUG c.e.employee.config.LoggingFilter - Header 'connection' = keep-alive
2026-05-18 23:42:05 [http-nio-8080-exec-4] DEBUG c.e.employee.config.LoggingFilter - Header 'content-length' = 630
2026-05-18 23:42:05 [http-nio-8080-exec-4] DEBUG c.e.employee.config.LoggingFilter - Header 'cookie' = JSESSIONID=7A34266CD29286882D1360742B6C344F
2026-05-18 23:42:05 [http-nio-8080-exec-4] INFO  c.e.e.service.EmployeeServiceImpl - Starting employee insert process, total requests: 2
2026-05-18 23:42:05 [http-nio-8080-exec-4] DEBUG c.e.e.service.EmployeeServiceImpl - Processing employee: Marco Ramirez
2026-05-18 23:42:05 [http-nio-8080-exec-4] INFO  c.e.e.service.EmployeeServiceImpl - Found existing employee with id=2 active=true
2026-05-18 23:42:05 [http-nio-8080-exec-4] WARN  c.e.e.service.EmployeeServiceImpl - Duplicate active employee: Marco Ramirez
2026-05-18 23:42:05 [http-nio-8080-exec-4] DEBUG c.e.e.service.EmployeeServiceImpl - Processing employee: Juan Ramirez
2026-05-18 23:42:06 [http-nio-8080-exec-4] INFO  c.e.e.service.EmployeeServiceImpl - Inserted new employee: Juan Ramirez
2026-05-18 23:42:06 [http-nio-8080-exec-4] INFO  c.e.employee.config.LoggingFilter - Response status: 201
2026-05-18 23:43:14 [http-nio-8080-exec-5] INFO  c.e.employee.config.LoggingFilter - Incoming request: PUT /employees/1
2026-05-18 23:43:14 [http-nio-8080-exec-5] DEBUG c.e.employee.config.LoggingFilter - Header 'content-type' = application/json
2026-05-18 23:43:14 [http-nio-8080-exec-5] DEBUG c.e.employee.config.LoggingFilter - Header 'authorization' = Basic bWFyY286cGFzc3dvcmQxMjM=
2026-05-18 23:43:14 [http-nio-8080-exec-5] DEBUG c.e.employee.config.LoggingFilter - Header 'user-agent' = PostmanRuntime/7.54.0
2026-05-18 23:43:14 [http-nio-8080-exec-5] DEBUG c.e.employee.config.LoggingFilter - Header 'accept' = */*
2026-05-18 23:43:14 [http-nio-8080-exec-5] DEBUG c.e.employee.config.LoggingFilter - Header 'postman-token' = ee77fb41-f3d9-4be7-9e3b-85f337f5c00b
2026-05-18 23:43:14 [http-nio-8080-exec-5] DEBUG c.e.employee.config.LoggingFilter - Header 'host' = localhost:8080
2026-05-18 23:43:14 [http-nio-8080-exec-5] DEBUG c.e.employee.config.LoggingFilter - Header 'accept-encoding' = gzip, deflate, br
2026-05-18 23:43:14 [http-nio-8080-exec-5] DEBUG c.e.employee.config.LoggingFilter - Header 'connection' = keep-alive
2026-05-18 23:43:14 [http-nio-8080-exec-5] DEBUG c.e.employee.config.LoggingFilter - Header 'content-length' = 370
2026-05-18 23:43:14 [http-nio-8080-exec-5] DEBUG c.e.employee.config.LoggingFilter - Header 'cookie' = JSESSIONID=7A34266CD29286882D1360742B6C344F
2026-05-18 23:43:14 [http-nio-8080-exec-5] INFO  c.e.e.service.EmployeeServiceImpl - Updating employee id=1 with request=EmployeeUpdateRequest(name=Miguel, secondName=Luis, lastName=Ramirez, secondLastName=  , age=25, gender=Masculino, birthDate=1990-11-05, position=Java Developer, active=true)
2026-05-18 23:43:14 [http-nio-8080-exec-5] INFO  c.e.e.service.EmployeeServiceImpl - Fetching employee with id=1
2026-05-18 23:43:14 [http-nio-8080-exec-5] DEBUG c.e.e.service.EmployeeServiceImpl - Applying updates to employee id=1
2026-05-18 23:43:14 [http-nio-8080-exec-5] INFO  c.e.employee.config.LoggingFilter - Response status: 400
2026-05-18 23:43:35 [http-nio-8080-exec-7] INFO  c.e.employee.config.LoggingFilter - Incoming request: PUT /employees/1
2026-05-18 23:43:35 [http-nio-8080-exec-7] DEBUG c.e.employee.config.LoggingFilter - Header 'content-type' = application/json
2026-05-18 23:43:35 [http-nio-8080-exec-7] DEBUG c.e.employee.config.LoggingFilter - Header 'authorization' = Basic bWFyY286cGFzc3dvcmQxMjM=
2026-05-18 23:43:35 [http-nio-8080-exec-7] DEBUG c.e.employee.config.LoggingFilter - Header 'user-agent' = PostmanRuntime/7.54.0
2026-05-18 23:43:35 [http-nio-8080-exec-7] DEBUG c.e.employee.config.LoggingFilter - Header 'accept' = */*
2026-05-18 23:43:35 [http-nio-8080-exec-7] DEBUG c.e.employee.config.LoggingFilter - Header 'postman-token' = b977576a-ca05-4e0e-86f8-a52d8d6830a6
2026-05-18 23:43:35 [http-nio-8080-exec-7] DEBUG c.e.employee.config.LoggingFilter - Header 'host' = localhost:8080
2026-05-18 23:43:35 [http-nio-8080-exec-7] DEBUG c.e.employee.config.LoggingFilter - Header 'accept-encoding' = gzip, deflate, br
2026-05-18 23:43:35 [http-nio-8080-exec-7] DEBUG c.e.employee.config.LoggingFilter - Header 'connection' = keep-alive
2026-05-18 23:43:35 [http-nio-8080-exec-7] DEBUG c.e.employee.config.LoggingFilter - Header 'content-length' = 365
2026-05-18 23:43:35 [http-nio-8080-exec-7] DEBUG c.e.employee.config.LoggingFilter - Header 'cookie' = JSESSIONID=7A34266CD29286882D1360742B6C344F
2026-05-18 23:43:35 [http-nio-8080-exec-7] INFO  c.e.e.service.EmployeeServiceImpl - Updating employee id=1 with request=EmployeeUpdateRequest(name=Miguel, secondName=Luis, lastName=Ramirez, secondLastName=  , age=25, gender=Male, birthDate=1990-11-05, position=Java Developer, active=true)
2026-05-18 23:43:35 [http-nio-8080-exec-7] INFO  c.e.e.service.EmployeeServiceImpl - Fetching employee with id=1
2026-05-18 23:43:35 [http-nio-8080-exec-7] DEBUG c.e.e.service.EmployeeServiceImpl - Applying updates to employee id=1
2026-05-18 23:43:35 [http-nio-8080-exec-7] INFO  c.e.e.service.EmployeeServiceImpl - Employee updated successfully id=1
2026-05-18 23:43:35 [http-nio-8080-exec-7] INFO  c.e.employee.config.LoggingFilter - Response status: 200
2026-05-18 23:43:54 [http-nio-8080-exec-8] INFO  c.e.employee.config.LoggingFilter - Incoming request: PUT /employees/1
2026-05-18 23:43:54 [http-nio-8080-exec-8] DEBUG c.e.employee.config.LoggingFilter - Header 'content-type' = application/json
2026-05-18 23:43:54 [http-nio-8080-exec-8] DEBUG c.e.employee.config.LoggingFilter - Header 'authorization' = Basic bWFyY286cGFzc3dvcmQxMjM=
2026-05-18 23:43:54 [http-nio-8080-exec-8] DEBUG c.e.employee.config.LoggingFilter - Header 'user-agent' = PostmanRuntime/7.54.0
2026-05-18 23:43:54 [http-nio-8080-exec-8] DEBUG c.e.employee.config.LoggingFilter - Header 'accept' = */*
2026-05-18 23:43:54 [http-nio-8080-exec-8] DEBUG c.e.employee.config.LoggingFilter - Header 'postman-token' = 2290c5e3-46ea-41f3-8a2a-cd6b28736919
2026-05-18 23:43:54 [http-nio-8080-exec-8] DEBUG c.e.employee.config.LoggingFilter - Header 'host' = localhost:8080
2026-05-18 23:43:54 [http-nio-8080-exec-8] DEBUG c.e.employee.config.LoggingFilter - Header 'accept-encoding' = gzip, deflate, br
2026-05-18 23:43:54 [http-nio-8080-exec-8] DEBUG c.e.employee.config.LoggingFilter - Header 'connection' = keep-alive
2026-05-18 23:43:54 [http-nio-8080-exec-8] DEBUG c.e.employee.config.LoggingFilter - Header 'content-length' = 366
2026-05-18 23:43:54 [http-nio-8080-exec-8] DEBUG c.e.employee.config.LoggingFilter - Header 'cookie' = JSESSIONID=7A34266CD29286882D1360742B6C344F
2026-05-18 23:43:54 [http-nio-8080-exec-8] INFO  c.e.e.service.EmployeeServiceImpl - Updating employee id=1 with request=EmployeeUpdateRequest(name=Miguel, secondName=Luis, lastName=Ramirez, secondLastName=  , age=200, gender=Male, birthDate=1990-11-05, position=Java Developer, active=true)
2026-05-18 23:43:54 [http-nio-8080-exec-8] INFO  c.e.e.service.EmployeeServiceImpl - Fetching employee with id=1
2026-05-18 23:43:54 [http-nio-8080-exec-8] DEBUG c.e.e.service.EmployeeServiceImpl - Applying updates to employee id=1
2026-05-18 23:43:54 [http-nio-8080-exec-8] INFO  c.e.employee.config.LoggingFilter - Response status: 400
2026-05-18 23:44:32 [http-nio-8080-exec-10] INFO  c.e.employee.config.LoggingFilter - Incoming request: PUT /employees/1
2026-05-18 23:44:32 [http-nio-8080-exec-10] DEBUG c.e.employee.config.LoggingFilter - Header 'content-type' = application/json
2026-05-18 23:44:32 [http-nio-8080-exec-10] DEBUG c.e.employee.config.LoggingFilter - Header 'authorization' = Basic bWFyY286cGFzc3dvcmQxMjM=
2026-05-18 23:44:32 [http-nio-8080-exec-10] DEBUG c.e.employee.config.LoggingFilter - Header 'user-agent' = PostmanRuntime/7.54.0
2026-05-18 23:44:32 [http-nio-8080-exec-10] DEBUG c.e.employee.config.LoggingFilter - Header 'accept' = */*
2026-05-18 23:44:32 [http-nio-8080-exec-10] DEBUG c.e.employee.config.LoggingFilter - Header 'postman-token' = c6dca411-045c-4b18-94b5-2f46cfc681e2
2026-05-18 23:44:32 [http-nio-8080-exec-10] DEBUG c.e.employee.config.LoggingFilter - Header 'host' = localhost:8080
2026-05-18 23:44:32 [http-nio-8080-exec-10] DEBUG c.e.employee.config.LoggingFilter - Header 'accept-encoding' = gzip, deflate, br
2026-05-18 23:44:32 [http-nio-8080-exec-10] DEBUG c.e.employee.config.LoggingFilter - Header 'connection' = keep-alive
2026-05-18 23:44:32 [http-nio-8080-exec-10] DEBUG c.e.employee.config.LoggingFilter - Header 'content-length' = 38
2026-05-18 23:44:32 [http-nio-8080-exec-10] DEBUG c.e.employee.config.LoggingFilter - Header 'cookie' = JSESSIONID=7A34266CD29286882D1360742B6C344F
2026-05-18 23:44:32 [http-nio-8080-exec-10] INFO  c.e.e.service.EmployeeServiceImpl - Updating employee id=1 with request=EmployeeUpdateRequest(name=null, secondName=null, lastName=null, secondLastName=null, age=null, gender=null, birthDate=null, position=null, active=false)
2026-05-18 23:44:32 [http-nio-8080-exec-10] INFO  c.e.e.service.EmployeeServiceImpl - Fetching employee with id=1
2026-05-18 23:44:32 [http-nio-8080-exec-10] DEBUG c.e.e.service.EmployeeServiceImpl - Applying updates to employee id=1
2026-05-18 23:44:33 [http-nio-8080-exec-10] INFO  c.e.e.service.EmployeeServiceImpl - Employee updated successfully id=1
2026-05-18 23:44:33 [http-nio-8080-exec-10] INFO  c.e.employee.config.LoggingFilter - Response status: 200
2026-05-18 23:44:54 [SpringApplicationShutdownHook] INFO  o.s.o.j.LocalContainerEntityManagerFactoryBean - Closing JPA EntityManagerFactory for persistence unit 'default'
2026-05-18 23:44:54 [SpringApplicationShutdownHook] INFO  com.zaxxer.hikari.HikariDataSource - HikariPool-1 - Shutdown initiated...
2026-05-18 23:44:55 [SpringApplicationShutdownHook] INFO  com.zaxxer.hikari.HikariDataSource - HikariPool-1 - Shutdown completed.
